playlist_id,track_ids
6565499, 3053369 712283 2967871 3550778 2460527
5739002, 94083 1550195 1707628 2764036 1831358
7551221, 1756658 2805494 3715343 1195540 2828659
11512416, 115609 1598691 3716142 657666 153435
10692836, 2820330 1054050 120083 2019507 3351957
8679406, 1321053 3211593 3679249 2949623 2730084
5974950, 2214920 2528883 2430498 2296241 705971
11505598, 1943637 313507 355208 1281245 1208195
167056, 676167 612173 3801221 1576393 2730670
8076051, 3696622 1216683 2333164 352492 1994922
6674964, 1325593 2464176 99157 2147887 4733003
3729028, 1517504 956872 2022476 406822 1208214
11354265, 2158393 3529480 2668498 1645008 3783593
373793, 878097 2337179 1999875 351041 2798321
10129587, 3696622 3361319 109392 1747853 3685340
5682741, 2803834 2584680 2820770 315461 3071645
1317154, 2337179 1402858 2723637 84556 2457546
646018, 3687848 3671801 2609171 363983 3003456
7158600, 2886871 482359 531760 654611 2294140
4481951, 164165 3542379 1337470 183353 3621084
10398106, 3481218 130827 1209718 1094884 2750825
1039036, 352492 3579068 2983779 3696622 3054362
3825165, 2110917 4733003 1881438 723257 1566952
5587885, 3769741 1381735 3233654 290960 3129861
3719784, 4474831 2804074 3846669 47331 2891088
6824028, 1815838 1881438 3638206 3193037 2330306
7270991, 183674 2731014 1519377 2930330 171498
7488978, 2740911 551406 3687848 548500 2609171
3598086, 184737 363983 1495432 2840867 840796
3884384, 3534168 1259711 2838621 2604245 2479079
5869556, 3405 135748 320234 2146580 3624767
1169787, 3783889 369818 1598659 3656966 2690274
3779900, 2491484 1885592 2610609 2912566 2731102
1558078, 3539205 634127 2395028 654611 1399075
11174151, 3515085 957609 2363900 3101626 1227320
7770673, 3801170 2163467 4442550 1990289 1700032
6247638, 276186 3789763 461650 3542444 170846
2193985, 3251957 433647 61843 712283 1508955
10593191, 265555 60163 1595301 1898526 2338693
2446934, 726853 3853154 2959419 3018517 3289033
8469697, 1964864 1816337 1161576 2920551 2692619
525882, 854737 3212836 3133528 49947 2840855
7473677, 2323464 719494 3534168 2604245 2158207
8662747, 1030808 3092017 1175001 157469 432067
3656436, 204966 2077625 2380059 1577185 2618210
6530814, 1827398 1668459 1259687 1435554 820165
4087603, 2436733 2141811 1818311 2078842 1286763
4917689, 2895494 548500 2740911 3671801 84086
8295146, 629144 2805494 1816337 2637110 1197210
4524636, 2273905 1881438 840796 1566952 3435028
7128204, 3093188 951097 440150 357216 1223921
8070110, 2262981 2963165 1389521 1571931 2225942
723804, 363983 3638206 3687848 3866410 858614
7545785, 84525 720155 195775 1385931 901989
10355831, 2919795 1775639 233723 3569431 191276
7168213, 2190338 49045 3875964 3074646 2277774
6582553, 331804 2584899 2509644 2696397 2607924
8673634, 3117863 2843403 147758 1216791 2744430
3819661, 105668 1268282 3416757 1495371 1549725
7487413, 3127479 1139169 3685340 137945 3102164
7282487, 1807310 2967714 3803678 183353 3542379
11075126, 2931155 490893 3743698 4531125 905691
3740567, 3738828 353487 3841925 2337941 509751
10042735, 2212281 188271 2302904 290549 3863544
6796898, 169870 2948381 2363900 2709713 2431387
5155209, 47331 2897521 2989670 1668729 2199955
7541647, 2236029 2811436 1942814 1746915 233202
16923, 471256 2130175 676744 1477388 2235035
1822114, 2309328 2843424 3784530 697933 677612
210507, 705665 205400 2026811 3837188 1103970
2133288, 686664 722520 2761544 2612484 86518
4255643, 3358237 1127506 1349120 2607822 2603356
3157083, 2455168 902224 3067178 3637050 2642809
7377331, 3484347 231869 687284 2441486 1506597
7692990, 1538910 956056 3147559 370389 188271
6235949, 3552555 1241677 475520 3117842 1991735
3268810, 3053198 2638738 183674 3411357 1373218
10888812, 176211 151451 1887452 846962 3578232
8957249, 1213859 2234399 1819176 3604026 1306573
10103900, 840796 3102263 3862221 1495432 363983
10657108, 3414387 1547224 1813752 3102246 1920333
5088833, 2871847 3202596 1822244 2778693 541234
7512177, 1205292 3778293 363983 1856604 2863395
8680972, 1105355 3502848 1286763 611551 1788000
10227447, 3551573 378710 1885124 2023548 1264406
5610508, 2329106 1926637 1805611 2795970 3296456
8009452, 2882802 2437540 1419601 1532628 3746321
6095976, 2754393 1976389 3216752 679616 2248254
11713392, 1498486 3000505 3167026 329493 558379
11311174, 4474831 47331 1123159 1668729 3464076
7542196, 1824364 1621191 1428106 1688652 2799770
4066606, 3605630 2367829 414381 166355 1181285
5243884, 2514850 726383 2747587 294247 627941
10170849, 518570 2009541 2214578 2221993 627898
8323098, 2075748 660962 1210494 2390926 13664
6466341, 1173128 2800306 1857156 3534205 1832341
8189353, 1187176 4632290 99100 2187917 2103535
3539118, 2176705 3229073 190241 2472463 2066196
8546019, 2903804 657666 1689299 2195152 1914410
4110721, 1052600 806902 1390879 612154 285970
3637610, 226759 2265491 3783264 3127479 137945
5856355, 1775639 3778167 3470285 1335143 3569431
10351446, 2374802 2683416 1952342 1824400 3463591
8451449, 433342 619692 597782 2789896 2840855
11663901, 2942274 143307 1626517 3579683 3598647
6009345, 606605 1187606 2834148 703663 1659523
7015804, 2457741 3874289 2233173 3373915 3571691
10537557, 2126107 2765941 2978783 2559981 195065
7153475, 3841976 1210884 1321053 2924245 196922
8911558, 856847 937642 2008256 2897334 1121112
5269274, 3863544 2587499 2302904 2393702 2212281
11170966, 3876951 287886 1742602 3224828 3526178
3990363, 2655474 730748 3825628 909201 1208092
4839336, 3826915 2607899 935345 3534170 1321456
6395593, 2342994 3066710 491016 2370923 2680168
6322275, 4733003 723392 3057494 731534 3375402
5657722, 892114 2903804 174098 2260644 2635469
6125809, 497483 3689789 3846669 841522 3554932
266754, 2800102 281975 1181285 676813 2978657
10940648, 2840855 4733003 363983 1580480 2110917
8494093, 1945842 2695612 1297529 187574 1193578
3013715, 2586461 2685821 3454662 7217 2337928
11158733, 294862 2921139 2553708 2828094 2079631
6789609, 3144248 519961 2159342 2214012 3826915
8088693, 3632349 417901 308533 337033 2249324
10962970, 22550 1321053 3679249 185169 662501
11743451, 813441 1707628 2498203 3679249 3481281
5085157, 2367829 1517235 3030971 2139880 3794782
11284350, 340959 180404 3340872 1384858 341059
10884889, 1471611 3032079 3775759 843758 1281765
6003690, 2637110 1503917 491008 3147598 3166665
5616182, 2123623 937809 3086549 1891737 2053600
3672258, 1218315 3542444 3663336 170846 1865977
2844906, 3863551 81732 3826915 2077778 1321456
4812331, 680697 12344 356655 3290805 1959480
10797303, 1874623 861210 1289700 1671988 3861322
7138545, 3071645 681361 1558660 3750737 59985
4881137, 1741948 2581090 706619 3669432 1410763
10778255, 427678 2894765 1136419 2679688 1375071
4492856, 1685749 1708079 3230210 2248114 1292279
3753328, 968654 1065480 3173860 2801390 3361599
3952003, 1818779 166974 1788000 3588773 2603356
2130788, 1434623 1479173 2276455 3503574 1366440
10299766, 1928210 2915537 3063654 3303143 416373
5643598, 3002664 52663 163627 13881 3430067
6603392, 1136419 567926 729062 2787866 2679688
10967815, 1076887 2543177 2897281 440448 2445329
4236606, 4891887 3801221 193906 1580813 2816201
8212417, 2923115 2015337 1205349 3341178 2656990
10417723, 3231223 2388530 3441502 1903729 2303972
935383, 2732418 1735519 3235998 3124586 706619
11308039, 1651414 3342362 2699441 93827 1818948
6130907, 1747991 1173778 1517235 3779086 635045
889504, 3826915 2284910 2214012 3431460 126465
6609220, 2349140 1716480 3368450 1555733 346147
8350810, 2932409 1121299 3603230 1294920 1707977
3527654, 1124610 375490 2861411 1470253 1668273
6620393, 272432 836369 3602582 2679918 1048703
10962964, 2611414 381811 3784216 570940 2949015
8118098, 313752 1255311 472924 426884 270171
3927159, 3450796 1689907 2213456 2053306 489397
7211345, 396808 2655526 283642 3752712 268524
11376756, 1344391 2839917 2818129 3012788 2398985
7876139, 3831121 1525557 1563090 2101974 2948151
4289228, 1559073 338406 3647112 1893921 11599
2441686, 443407 2594453 2531068 206081 3368450
4091447, 600468 2651689 2071953 2866443 2394792
3919412, 3031342 885919 1091681 3319450 2756649
377366, 139011 3046043 2596831 3137662 731135
2851996, 427678 2679688 1375071 1136419 2772236
10150988, 2141811 1558660 969969 1040171 2398985
7541507, 1419653 394222 1873672 3212836 3126805
3555281, 531685 661380 3705526 3579175 61257
2406680, 1318665 105508 3288473 3203885 1646623
11766362, 390395 1807297 1385931 1212729 2610018
4639524, 2409930 850399 7217 1767659 2450172
1412916, 1738383 3568378 1046531 3666106 905852
53494, 1121299 2932409 1707977 3169251 254108
1104447, 2886871 2766473 531760 482359 2690914
4055042, 2274205 3743698 564260 1702828 2214578
8965216, 1617784 3557198 944675 3784247 3885264
5437129, 525053 2329378 3530456 2820118 3221571
7001001, 650667 908547 1128441 513712 1495449
10102549, 1419653 259451 2481245 2488394 1991926
10163194, 515612 3414282 3161615 2288805 3737618
7697348, 2396563 3532483 453673 3496069 904378
10084686, 3750495 2093691 517008 3834024 3126416
5907734, 172571 1122237 1337978 3679272 184162
4006499, 3440322 2913353 517008 2965594 3153199
10567734, 2787866 2160453 427678 2380059 2894765
8216278, 2883137 459966 3666035 683614 2361623
3888086, 497483 180342 727878 3846669 99100
4219854, 1094523 2127411 529788 1764795 2153004
8287410, 1707930 3044962 3126805 288621 2763511
3037351, 496055 641706 230596 697894 170140
8737375, 3358703 1528634 3782567 3743091 2944487
4142337, 378672 3843555 3550555 1524979 3231923
7641865, 1605188 3646705 427233 3837379 1203782
4060325, 3822926 2935089 3344156 2701504 2015330
3012789, 1105453 2493000 673897 2880780 2491523
3919713, 3218721 2322826 2301504 1198639 2542910
2588083, 3850404 1136545 2654070 4489146 1629281
6554746, 2317663 768209 1792704 107440 1704174
6455009, 2273905 3579068 3794784 1257230 80619
7986821, 2838621 1887389 516664 3102263 112767
10619478, 3459831 1646674 1498486 2705061 188271
5020487, 3393039 3174998 3007262 3861833 3483021
2461165, 2791044 2825500 1903822 1625542 3718324
4929729, 2768043 1499076 2825492 3621721 1991958
10653860, 2214849 1400063 356035 2759766 2751885
5427567, 2247131 2163595 2009238 432067 3459300
5472022, 2027290 3007412 1708079 163124 3358237
10324540, 1809496 2896519 509751 1134602 193179
10420794, 3794036 1525557 731534 3696622 3687848
340648, 577222 1474480 3664037 1068442 2785370
907612, 3879846 374330 3585823 2185590 2834772
10197789, 2891791 2898985 1988530 3711530 873782
10858602, 1790459 3748363 3775114 2511556 883229
815941, 850399 2685821 2673648 1176515 3332967
1194158, 905744 863961 2437540 1575209 2479079
8153152, 3621721 1361996 2839253 3690587 2821505
8017654, 2226099 1389521 1083643 710124 2963165
11288476, 1158818 1193299 3752712 3570539 1607588
7670428, 2020962 3711392 93949 2717004 2585019
5800665, 163208 1055884 1587153 1788063 3577072
39529, 3862221 171498 2814313 307771 3588773
5691600, 2942638 1470368 1710526 87095 1314198
11678020, 1388975 163199 2922595 2740911 2793557
5926617, 2308131 900569 2642677 699499 2376766
253321, 2830799 2547802 171409 2369313 3025950
2158156, 3826915 2159342 2214012 1321456 3863551
151662, 3663746 944723 550267 612703 2845394
5845476, 105508 200119 3605806 2032015 3838807
8676832, 3752712 2655526 268524 1082476 273811
10612053, 3802094 685159 1217853 2895247 1595427
1712875, 184737 3778293 3621084 1373077 1482828
59844, 307071 3611723 731584 4855949 2345092
7541781, 2683110 1640531 2133353 2582983 1603085
8731826, 1176515 3300173 3618386 2685821 2071408
3738980, 1035294 1694143 3502848 611551 3570539
10879093, 2840855 2221948 1580480 3187360 2999747
5993632, 263046 2678749 2215982 1046268 662991
10374316, 1831615 1134078 2303972 3671644 1195540
1615017, 583265 403443 84556 464926 163181
3502340, 1881438 204966 2825492 3292688 1704824
6366953, 543730 524972 2203596 3636918 478553
7396678, 1062077 5604 2322826 1158276 2301504
6441250, 2944358 3138665 1903729 1982962 1795984
8961190, 1820136 3500410 1475687 2037739 1885468
3227634, 2226099 906707 1781238 3357867 221724
10449160, 3481281 3679249 462738 3526178 94083
8973091, 1945620 1887389 1412887 2186089 1062477
3502327, 443407 3368450 2960887 206081 1735519
6072745, 3220824 2048115 22800 3029781 2591491
7310377, 1599699 1470000 2214982 3866159 3427672
10597834, 2023548 1587538 2827378 1566807 1851001
6447200, 1321053 4733003 2840855 3526178 723392
6931062, 1277859 731602 848916 1921951 1202831
5057903, 315996 3000505 3570624 597782 852849
3679774, 2534442 3460479 3156534 1134602 509308
3370315, 1206974 2433268 1349120 1127506 427678
10413249, 219947 2832925 2833636 1462064 3364869
7457071, 464478 3038088 3058472 908505 1569448
10134002, 3782516 1617261 3007591 2475661 3746765
2945090, 1173778 329058 374583 3692039 2349016
7473730, 2517292 2798462 1223921 3212836 1657567
8533719, 465091 1694918 3175009 1157973 2515116
1282927, 1977460 3232697 2829576 3364395 3278186
5773486, 3551584 3080296 2999383 1824285 2556650
8502324, 1517504 2493000 726853 1434261 212269
2454229, 1246249 2038940 676424 2148031 113076
3541919, 1158818 681361 676813 319954 2367829
10895450, 2226095 1517235 1508465 3497777 648545
4231013, 3273559 1175010 443520 332103 522125
11127382, 1615206 3705881 1209729 3057494 2715138
10574251, 3032397 881801 94083 477570 222478
10530461, 3592104 2421730 1847767 2384354 1308719
8850105, 1781238 722514 2442570 726853 1563309
5622165, 2997023 290849 2667428 2826756 82130
10114319, 1807310 3803678 1156359 1813360 183353
11541393, 193921 3534697 3044776 1184839 280934
8940510, 307628 2141811 2398985 270171 2110844
3239697, 246102 1363985 1767081 47331 1509746
7541845, 2978783 2794168 1734345 2946012 1171085
4797746, 3693833 219947 1873672 3357328 2487988
4071384, 1337470 258341 164165 3288406 2246947
4556737, 329058 1890832 3838882 1094463 662553
7736234, 3158943 2835744 2857196 386012 643806
3285916, 2456094 3130408 2801526 2187917 532803
10121723, 1174456 325804 1102888 2985464 132621
5156383, 1126111 885467 3388800 357636 2391770
2112729, 3583387 3496100 104894 2207045 3632100
587793, 3609352 282229 1136545 3411425 1228727
4675894, 3765592 488491 219969 1083691 3209771
8978329, 3679249 2950530 2840855 3481281 3876951
5455674, 3660456 2610613 113351 1517745 2828007
11487565, 1791340 2656990 806816 887542 403443
1862358, 3618070 2113443 3518261 2490106 350975
7741926, 1678253 2648901 3137607 268878 3151389
10516709, 1113993 3251657 1916470 109056 3050801
11441372, 573499 3091270 1818623 2866847 2096763
3424087, 184737 363983 93919 3682516 2373644
6238672, 2923115 1589081 1901288 3862221 2015337
4732453, 1286763 2960887 3157940 2696008 3570539
11047787, 1185697 3192041 826501 3776672 3007592
10253812, 3114116 3351721 193906 676167 3618653
1267279, 395294 1996934 1588672 2458112 2313913
10839695, 3602909 1316202 1696832 1738531 891961
10027636, 3666106 3594897 1208018 4847917 4495924
6037165, 503853 1181285 2367829 1158818 166355
7491250, 852761 595115 2392419 3789763 2895021
3344851, 246102 3876951 1742602 662501 3689789
11019249, 3824161 2579225 3671801 3436058 3769279
8764893, 1854428 2889358 1517740 3742062 1674752
7506067, 335116 1871380 2812452 2086791 222988
6091439, 2699633 2942812 816459 2614410 3629333
5179414, 1361996 2804356 2923115 612601 3028781
4048726, 15117 664654 619235 1081426 1448070
7715146, 836369 3678231 3794860 640414 3779090
10993194, 3534182 1070352 1896558 3197875 209196
11703114, 2740911 551406 2021807 1038455 1868682
4022526, 363983 2572962 2840867 3862221 3529202
3423216, 174098 3791011 4426760 3550269 1073869
6887434, 3735898 3029787 2835823 1069085 3862701
8375176, 2338943 2807456 258342 1655062 3333139
3357224, 3197875 3262995 1969864 209196 185169
10701002, 2793557 3671801 2825500 1193299 3003456
3658592, 3031342 3319450 2798729 170732 912224
132564, 3380782 1096490 342840 1651486 1052611
6381404, 2863952 1075093 346147 543282 2690153
3867276, 2413724 2990587 3521101 2354055 194399
6622175, 3862221 2374642 1105456 723392 2859979
5120964, 1689476 1087244 3066756 1795984 1675118
10493475, 1205292 363983 3621084 2840867 1495432
11728060, 3856862 1281245 3863551 3826915 2607899
7542199, 2400125 950388 1747718 1935372 234836
1270317, 1243327 2677210 3583080 3706282 1935218
11342175, 2680168 2636825 2123670 3016836 1865272
6322230, 2190591 1187606 2141084 343262 2640428
2939668, 3566671 2671399 3469807 2828094 3470393
2389147, 1707930 2763511 1128441 259451 562795
945142, 3671801 2883137 2740911 459966 3003456
7397758, 1105456 2584586 1818779 1420896 2950041
4664943, 575573 3044939 2042164 1070644 3129861
5115256, 2046424 725946 1701987 815033 1042184
7413753, 1868682 1842828 1341736 2914383 3685340
8652938, 891437 2828094 3096172 3557863 1758365
8504607, 1812449 3869441 963998 76619 2158033
11444374, 432067 192151 2009238 135754 656735
11477544, 2741789 222478 159953 3481281 477570
7991642, 2888965 2713212 3378906 2816099 292034
8731285, 1227320 3853650 685788 2821505 2758991
4574619, 1156143 626093 3283742 1210509 497611
6301644, 2021175 2303390 767285 2725732 3464342
247462, 3876951 185169 540211 2762459 1075325
3615292, 1078202 3688292 1625710 468841 2194272
3048208, 250250 2406767 1293892 2047628 3806646
7485633, 2608245 950776 3704012 2950899 2656990
11403343, 157746 2763357 4470161 2686375 1649426
8356745, 2874346 573442 455821 106982 844622
6875792, 2246069 1615972 2952805 3137640 2628397
5616622, 2151574 274776 932435 464926 3876132
2050853, 908840 3542379 164165 2833752 258341
8608512, 2988085 43827 3266960 417901 3641800
11063078, 2679688 1136419 1375071 2894765 729062
8619484, 1082101 1037960 848214 2288497 1857169
5967065, 661380 3278282 286457 3107449 2368561
7979063, 904056 1386657 3067090 818165 1090889
10772937, 183674 3876951 611551 1286763 1174456
6557783, 338400 3214500 453359 3668470 265042
5727227, 2909333 2372673 2825603 1072416 1318466
10279975, 3103299 1277117 2072963 3620054 3208837
10083238, 363983 184737 1495432 1205292 2467736
1479496, 3877313 335200 1609693 3194380 1055296
3931479, 3373378 1181241 2087110 2788000 840796
7370061, 279781 162041 629135 399044 2229502
6060841, 1205292 1595978 908549 3687848 184737
8005640, 2053860 44431 2077625 1275279 2840855
8457850, 2958483 2737643 2757475 860485 665727
8561498, 636228 810877 193318 392274 824198
10040609, 2208245 1292984 497483 2188134 2548887
3630460, 1887713 1217136 2556604 229701 1209507
10191878, 2579225 2793557 2285204 2862442 2825500
5516150, 2840855 1885462 3876951 3679249 2309023
10267863, 2947303 463286 1942904 2492996 3821070
7427575, 3866162 3873337 4819494 1167955 1962853
3227159, 2547178 1643852 2079381 2852425 2912580
6507174, 417901 3767985 1147854 2394605 3862221
1869024, 2855868 1729875 3582437 1887605 3044962
6803667, 3361981 1477388 809205 205651 464385
2899769, 672498 883301 1169791 2192310 2935712
4652816, 558379 2208924 3043862 16383 2566352
260563, 346643 353487 3738828 3841925 1809496
13957, 2399755 3826915 820620 2298216 1321456
656053, 2537070 1610085 2735522 2770492 3365533
7546169, 2328621 1235736 853893 353663 2639723
10971329, 206081 1607588 611551 3368450 2419222
3054072, 104569 830263 87522 3534697 2106693
574175, 184737 363983 1495432 1205292 3778293
3404184, 3690005 1563309 1839528 415173 2524197
7205688, 3331386 2971364 3220824 22800 1770828
7728048, 425146 2604245 2479079 1575209 879688
11483180, 272623 3828446 405885 2977372 1758365
10744158, 1294920 3183699 3261560 2751642 1234265
6108279, 1595978 2158999 1390500 3091338 2378010
6525615, 3717817 3767510 1436338 1715117 1723784
10143883, 1128441 1707930 1495449 3126805 1202169
6836128, 2610618 1184201 162922 109392 2803831
862794, 540211 2209079 157469 1381678 2268852
3550749, 2550772 1230322 3559283 1127506 933471
8853100, 1737850 3794036 3057494 2234834 1310789
10631585, 459038 2214744 2419719 150827 2604489
6194602, 1539909 1681306 331654 3046043 1281502
4845121, 3869707 1596491 2779575 1935970 2339244
10559586, 2033546 68383 392440 1558660 810779
4957962, 4733003 3795508 3862221 2437540 1887389
3062247, 1571665 1205334 1656742 674406 2567353
8559392, 2453761 157469 540211 1343377 3626960
8619605, 1275979 1048712 287280 1987604 1257285
6571450, 3791769 1046541 109056 3779369 3494733
8897514, 2895021 170846 3542444 1750545 3789763
11345410, 2783373 3296456 3715343 191273 3532543
6309666, 1551933 60171 2924010 254103 2346277
8896299, 3389141 181102 3319258 1899721 709900
5517380, 2694659 2891369 2651898 425567 2837550
4362827, 1064541 1731010 219947 343446 1345712
3014277, 820913 3477637 2518168 3843519 1990973
3327455, 3126805 2206220 1707930 1522797 1105355
10800231, 3872959 1994922 2758991 2376766 1584177
4443682, 222438 1184839 3333139 933471 63982
6555138, 1033312 3310362 2051269 1588954 3102383
8923680, 1942956 1755984 2120524 2783970 2931799
6588772, 2863952 561470 2330328 2621197 1075093
6576189, 789435 1093322 3677105 2086109 303496
6795189, 3188691 180810 3726529 1715253 4755113
10562619, 2663707 697750 3639589 2359553 1651486
382101, 476447 2363600 2930444 573738 1475554
8226929, 3497327 1075745 2959419 608707 3748363
10268444, 3166665 1210884 3877381 1722921 570940
7693162, 1218405 500747 1471291 201896 2583079
10241381, 2839253 840796 699499 1560676 3168292
4276951, 1286763 3570539 1886070 2894765 222438
616631, 1628138 1289641 1495370 113642 1275323
6199886, 1349120 427678 1136419 2160453 2894765
8587209, 105508 2949080 1346576 200119 2020962
8080987, 3557198 1464684 2762459 1235736 1617784
6706497, 1402419 3287305 2141284 2121639 1633089
3515573, 2009541 2264501 905691 518570 2214578
2042373, 1595427 891437 1707614 4730293 3509139
4356747, 2679918 283819 2962792 3602582 2868527
10736798, 1836205 1678225 2646260 3084985 2392419
7899642, 1411489 3527028 2730997 3198268 2965963
7434752, 1399714 539473 2249354 1797597 891437
10587859, 3355205 1927932 3174023 1210503 575792
3217103, 3846669 841522 3689789 3044776 3464076
7559728, 3583081 4733003 3785625 3027673 2924245
11671001, 353153 2213720 1356579 1332688 2525737
5663683, 1994514 1474608 1644596 1721394 887565
3423405, 524424 1730826 3512355 3057502 459143
10839125, 2367829 2883137 315461 459966 2803834
7201251, 1276854 2043659 3671644 3262479 2472170
15761, 2366002 2086935 3566671 3148486 580155
8263615, 2214012 3451585 682335 3666891 2284910
6356818, 2548887 1713196 164190 3709718 2993392
3098568, 808011 1680759 1939943 886305 3690465
10542257, 3387674 3263477 2289027 1098697 2341375
5531567, 3144248 3826915 2159342 820620 1732003
7798088, 594309 2644826 3241329 671587 1426109
11728479, 1181147 844718 1935372 234836 76372
8004621, 1500265 3295890 2556604 2834348 3512482
2016265, 531602 2895021 4478469 3542444 1737850
64742, 2856374 232096 3117143 3717528 3821047
5302596, 1372604 3678505 2550015 282125 1078703
6024814, 3199105 2384040 495027 574789 1790404
3878420, 1301377 1678109 853629 2976640 1707930
39453, 2067955 3780933 1731010 870389 3303143
2109774, 2525327 2476504 4634615 1764470 311881
3523887, 3753235 3862221 1381245 723392 1105456
6271021, 2586474 2015330 3697262 2644680 1329946
2950850, 1173860 500054 1349405 892114 2359510
6032099, 59094 2334103 1283742 403402 1747530
3596722, 2949015 1663866 2821505 2758991 3796108
8829577, 2115449 1260415 2522554 2551935 962912
10766801, 2136582 1646931 2601799 1871639 2207387
669024, 2325080 3189562 2953508 1792027 1270012
7382793, 373673 2829202 2926540 376309 3690588
2941133, 619769 2027138 1729644 1388679 875544
10838246, 3343871 1742602 3197875 1634949 2840855
11015617, 2787855 2840855 1589081 2911047 654611
7450797, 135591 163199 913017 788972 3414399
10071395, 1494035 867151 2279385 63982 1755145
10476333, 1560676 1361996 871829 1815838 162599
6570622, 1866329 2783840 1887683 2815867 4681977
3579958, 3850548 1033312 2911646 1787036 1998385
5334524, 3340814 2999383 2244769 3629230 1476634
7379247, 2457546 3543333 1318466 527020 2714326
875920, 885466 2752068 562795 3073147 2736531
3161553, 1210884 1822173 2273858 3828446 3459300
3302041, 1275593 285367 1221124 1767185 2950928
6554478, 2667503 3068091 1741958 2350731 652492
8738795, 1813360 3538983 1563309 1503168 1807310
7706252, 229005 2490193 2805489 1868706 353450
6597372, 2652194 1885800 3089667 573642 3387674
10162936, 3203871 3780933 1731010 675185 1707977
4789319, 363983 1205292 184737 3778293 2817805
7333055, 3862221 1105456 2110917 1818779 1526390
3505432, 1248063 1581357 4477614 1269247 3702574
10490540, 2948452 676813 2380251 648545 166355
1898603, 2214578 2009541 3743698 1735832 627898
10703752, 850705 3773655 913841 2390971 1498486
7977234, 2015649 3583367 1039256 500054 2548945
8762686, 1567099 87095 2279476 2942638 2944789
140546, 495149 2802222 2872707 3078160 1798335
10205890, 3414282 1910146 2725263 1461939 3213326
4990931, 2948151 1342627 731602 3428310 3210461
10651277, 1607588 346147 2423696 4568006 3724482
8640004, 825160 2115568 3151389 1374428 1373194
3116837, 2104775 397125 2172534 2163595 170161
1676342, 2939730 1656742 2015337 3007592 4481361
5590117, 3440105 85737 3658983 956908 2955511
906224, 1534492 677443 652373 1850362 1941061
6254349, 1781238 3803678 1511837 1503168 1563309
7541524, 311963 1338026 2889733 1739693 2768182
8560685, 345508 1980691 195823 2699473 1232384
8615600, 1208146 1735779 2556891 1519237 1758365
4929016, 2457546 298790 3704012 84556 22480
3635956, 3828377 3126914 2472254 170473 1066844
11596710, 2664944 112184 731534 1615206 1310789
8299951, 2996562 1917192 3849013 844813 3207268
10757656, 3862221 723392 3679249 654611 3481281
7473934, 341461 2691324 224135 3674993 1571618
8888081, 351053 1402219 1675093 2994856 2007361
6982608, 1602888 2893014 3567175 1344213 3159868
8484867, 3066990 1084662 1200489 825356 3076130
5956390, 2183102 2066793 199165 1193303 1081701
10179663, 1818948 3103052 1355400 1316202 268860
11545056, 1569448 2062213 1792783 3310362 415719
3979845, 2835727 513712 2696653 885466 650667
5794239, 1824880 51938 356786 3884745 3333612
11571526, 2840855 477570 1411170 1091700 3153199
3965087, 2329378 1105453 3221571 1738383 3737562
10290755, 950776 1479795 220921 3693828 824737
5820332, 917579 546772 562757 233016 2043659
8976932, 1399714 2214915 2949008 2263840 403402
1010728, 357763 3273602 3638164 681457 1234328
8770508, 1675148 3418668 1365158 2277545 1200650
11417975, 1051939 609535 3315809 3231335 1672495
10824647, 2406708 2123601 459336 173843 3076445
7541147, 152894 2086711 4765728 2207852 3153292
5751712, 2075748 583148 727675 719774 3127275
11739630, 3821062 3242547 3790451 914998 1887480
8396790, 3777248 1607588 625900 346147 2273905
8668444, 3661031 3362251 2547817 2467227 2870864
283798, 413966 3133528 631936 1445497 3585003
18357, 3687848 2609171 2793557 108032 908549
11615567, 1735832 3044360 3726795 619726 3743698
6564091, 2817805 2821505 1361996 3703952 2976626
5252227, 171498 2814313 338393 429747 1276839
8545245, 410752 313507 3063654 2063857 2575778
732348, 1505798 1212797 2157805 1643852 693424
8190413, 3006587 2312205 918038 1651414 3342362
10935126, 3066911 2482494 1916004 2023548 4764
5541482, 2825500 488311 2793557 2829802 315461
1737583, 1932259 1094463 1603129 876038 1775645
10212684, 3771562 3005440 3779716 1423236 3067331
6275933, 88869 3231232 414655 3790451 1840942
10595529, 1916317 2782885 702405 4879130 3620349
10146777, 2740911 2579225 3003456 357046 2285204
3126902, 541675 2206359 1826524 3057703 2860238
5639144, 1200650 4576412 2927648 2817936 3102383
5470629, 3448859 1227320 3173815 1885462 619692
5861643, 2797090 148282 287294 1373883 2490499
717268, 1255657 3117724 269847 3076630 819518
443021, 853709 2214912 2836503 1272456 2464273
4720003, 3527582 3261118 3686342 3331877 861224
662093, 2086711 1217247 878534 1068996 1676043
7120562, 2782245 429995 3870452 1380495 3090312
6639129, 2015382 3831119 3219619 2490851 2083303
6289050, 1673199 3624767 2130636 3734100 1419902
217711, 1939943 1292984 3682516 2208924 3000505
2932512, 186159 3007608 2898458 1093284 3130408
1834904, 2454612 2953488 1337328 1275279 1103972
6420919, 2640428 2252529 1678109 2190591 2460511
11397615, 647917 2785114 3421870 1134600 950801
8726265, 1859594 1135035 654645 2115570 1661878
2038633, 1101382 2976159 3344029 1491806 2917762
10629503, 1157920 1771645 1382508 3295910 1475064
5869510, 3767985 43827 3576550 2988085 1443546
4101964, 259363 3187938 449796 1563090 274717
8523685, 3796108 363983 1205292 3225706 3687848
4459863, 2902373 226528 2273170 2610018 2762459
5675300, 2121373 3724663 209375 2251584 685159
3383480, 1055863 353663 840796 2788000 852849
3026695, 2750752 808760 1991257 2205879 2181022
2971044, 331804 2696397 2607924 2742308 2303166
10234154, 3409143 3664167 1881438 1227320 1566952
5094819, 1678199 303710 634151 2610456 3219544
3962784, 888952 3569577 3378404 2805381 3685340
1874839, 2547173 2158999 2285204 2863395 1385931
10284063, 3375427 844284 3509090 3423136 298634
7605271, 828237 1470210 2016189 719799 1736180
149885, 891471 3614731 1873708 1307042 2546759
10591281, 555294 329129 2817805 2226099 320204
1443545, 3166665 2842169 1855403 1156143 3677105
3759509, 1689466 522391 2221993 1730830 2612618
3155308, 3028362 2091823 3231923 3866090 2845141
4097951, 1887487 4733003 723392 3862221 3561481
7121380, 509203 1046267 906467 792107 1553924
11027749, 2960887 195827 2594453 535330 1111708
11220177, 2984155 2236029 2566628 3511390 3171960
8555976, 2029933 463942 3603927 2136835 2599357
4107251, 2367829 2226095 676813 1181285 648545
4605848, 662501 522200 3166665 3431342 2762459
10106908, 2303015 2793557 2740247 624069 2783341
5250869, 3570539 222438 3863141 3502848 2077625
10687042, 3682516 1885462 3000505 2765615 2550726
5036892, 1492471 2522576 464926 3727608 2213958
4224401, 2427229 359955 3746441 495141 2889143
10868537, 3542379 2967714 3288406 3072433 258341
6410577, 282144 87095 2289675 3361483 2773794
2966105, 1074579 329422 731534 2715138 2730916
4075941, 1731010 2206220 3862221 1105355 276186
4921177, 385412 797423 908505 1784332 463535
5317709, 3189562 3057494 1270012 2989039 193326
5223768, 1738531 2895152 891961 60296 2840804
6281802, 2367829 676813 166355 648545 3030971
1392375, 964472 1402663 2558846 266818 3126416
128537, 3789763 2450172 2895021 1310789 2989039
4702503, 1790145 2983779 2015292 951046 2423405
6907720, 3033445 2711020 3619896 852733 3506604
7541726, 3436116 1321053 276186 3166665 3343871
5894586, 1262158 2833768 3876951 2762459 1321053
4093746, 3219552 3286627 3531996 284288 2800191
7908471, 1867423 2750142 2065841 113446 387941
3564956, 2565868 1947861 441419 2136509 313454
4836492, 2863397 308859 2953331 1677102 351053
3141083, 329493 1162873 506039 3000505 2421724
59501, 2945140 2843747 2363900 1945617 624167
10061736, 3607894 2179510 2646188 3375427 960250
6364732, 2642636 288125 3306805 363622 140139
8013159, 2553898 1629296 731534 1074579 3794036
11475841, 3550778 3044962 3126805 1707930 2763511
10320653, 848348 2537118 3861322 2367577 68383
8347942, 1775639 2652244 2919795 1942933 98865
554529, 3516750 3051656 1503917 2944358 2139832
5519786, 2816201 2032052 3752712 2651669 1737788
6404178, 184202 1311435 2684386 2537101 1185658
7711171, 727242 1690560 257965 2244314 2016841
8313775, 2466990 2595471 341599 1437351 889547
6475356, 3886533 67630 848219 1824043 1256359
781138, 1839570 3500716 3194410 2064277 3767985
11486358, 2443045 2611404 359968 2359314 1613956
6204140, 158823 1929070 2450172 60357 681419
6647038, 956835 2170311 2130148 1206210 2758910
6441240, 1545855 2110918 1272420 621658 370302
4728779, 1121135 3712443 2421248 822277 3744677
6958366, 1069096 2367833 3418668 2472170 1027273
2379321, 298634 3581982 2424334 854049 170161
3925553, 2831216 319233 210729 693025 2014507
5420688, 3040308 2601256 905678 2612053 3839091
4052363, 518865 3718778 159948 3779426 3054272
6721916, 1251945 2515143 3002581 2610233 94727
124865, 1193517 2926939 2973393 2843991 879670
8881301, 171853 4855949 2476481 3558231 307071
474151, 2987459 2439212 1978437 1868706 859408
4197601, 1624956 2325137 1143637 2142296 1474463
10559626, 2380257 3557863 2453761 1088957 2760934
8386359, 2794168 2388530 351160 3066756 195823
4740724, 3342497 2248538 2950886 133630 3803435
3746158, 1320168 853628 3586504 2750110 3539593
8065369, 2838621 3842344 3534168 1259711 2479079
4099020, 113351 666744 1085400 3280879 482103
7435887, 2533659 2635421 495150 1121880 1412057
3655346, 188271 3841458 3043862 16383 146459
2757132, 662501 1598691 2565868 2840855 2730084
11429906, 1263578 2016189 2801283 2811684 3098915
4816570, 2871265 1080326 74226 3429286 2364170
6022057, 4634615 2895092 2525327 3476506 2110809
10222500, 635033 852716 2338001 2207065 3072926
2315280, 2136384 2136618 3158066 619714 830174
79598, 3361557 3316873 3706460 939555 2752955
11757152, 3638206 3664167 3435028 1881438 3193037
8549553, 2110917 4733003 3142543 2584586 578294
4188317, 2163888 872575 3349783 2340591 3102328
7137051, 2140136 500773 1264521 2836686 416373
6868930, 2034557 3370480 3610919 2454790 2847560
6533273, 681220 1564366 2152542 1118036 1331450
8006799, 3469818 1356069 1680903 1182965 1571742
6033588, 3622054 1532628 2843688 886305 1713646
6679749, 883229 2450413 1506100 2511556 3775114
3028017, 2902373 3679249 3481281 226528 1807297
2557637, 2214578 518570 905691 2221993 2009541
6722009, 3679249 3481281 654611 3197875 2840855
7541293, 1379714 2175459 1908969 1420865 2493699
7758084, 1885462 3225706 597782 2550726 852849
3579647, 3590024 3687848 2609171 2579225 2376766
10599106, 2322052 1341222 2037919 3315468 138921
3911277, 2015284 2063857 1530780 1208195 2269378
7790554, 3784214 3165540 3125394 683581 716377
8869372, 3669241 1373883 2317663 2535215 3770128
8300996, 1038455 1116187 2673582 3381388 184737
4003672, 1790459 3441981 2175443 2959419 3759589
7916915, 2811394 1945908 450366 1864916 1216683
3181611, 1185697 3007592 826501 3776672 1153681
3480864, 1206974 2978405 1916291 1127506 3168705
6922900, 287241 560680 2793557 2862442 459966
7429296, 1206992 155779 1274330 3863551 1321456
10328076, 1787172 1824407 2487984 287224 1942971
4763108, 2491956 992234 686070 2529099 1780508
10097904, 2130160 516549 1150479 3157480 515435
7876048, 1320012 2849296 324118 405958 2803474
10747054, 1276223 2055426 449796 2514218 82638
10097526, 3375402 1270012 113603 677106 1615206
10527561, 288125 1644638 1599699 881160 3245390
10300085, 1668459 2579225 3435028 2285204 112767
158929, 3112921 3088096 4733003 3789763 897771
4008824, 4508448 1030808 3307180 2345092 1752160
6781183, 1293892 956921 331200 3211892 1030747
2072099, 792863 3828954 2062213 16345 2683131
11486292, 1558542 3752712 98819 954686 1193299
11120629, 3303575 1057662 3053790 2273837 2991733
8131398, 246102 3802437 2422762 2522601 1123159
10559377, 1895994 3581652 2891241 1764773 187574
2117769, 161734 3087317 1812231 3605630 211429
7665491, 1252571 1145997 954672 1773037 3069881
6582621, 3803684 1887519 3677144 3368158 3225706
3006508, 659561 1308886 1570728 3495226 535599
3803138, 3768978 2106934 4407719 3105192 1734325
6767454, 1775639 2919795 2652244 626264 491108
10437717, 193921 280934 1764773 1297504 3779363
6162884, 2362558 2247122 2548945 1621316 1423645
6201778, 1109352 1936252 1402858 1745459 2833181
10331461, 3324655 606556 2048115 1573019 1676043
11346108, 883301 3469078 2537101 2965603 203532
6636004, 2999747 3526178 2221948 1327233 3738260
6622015, 290972 1250232 2804773 3746235 99313
2307439, 3232697 1786973 166355 2385608 397730
3198425, 888097 3459300 2009238 2891177 1003485
1514982, 184737 3743576 363983 3796108 2543184
7637539, 3072433 3724714 3778167 1775639 2919795
4448227, 3066903 2939730 1258719 3607633 1589081
8584904, 1144906 372286 543922 966914 3526223
5749903, 3387002 3637037 1072395 2427061 3076321
8491603, 1111675 438151 1772285 2825413 2195209
5336685, 2281478 2483949 2911646 1998385 1033312
10283232, 1584204 2009238 1078202 3003358 1134078
7415265, 2808034 3583081 3785625 2042335 206501
11655197, 2895848 2763511 1316164 3647174 1495449
5257496, 847836 2518438 1276293 1326345 191310
7668834, 1206974 3426348 131052 3559283 1997354
7223753, 3776398 1859687 862934 2564331 813412
42100, 2737599 3012771 1942275 1408646 1475064
4596539, 852849 3682516 597782 1678109 3225706
1854738, 2536494 2362556 2236460 1269529 3803678
348282, 2655526 1193299 3471 3711392 1447258
8771302, 3876951 1742602 2558846 2309023 3343871
1173169, 2769983 3467790 3158236 709124 1189517
11676779, 3859079 4506371 1185723 337282 2652493
7703623, 3426155 392232 2279476 3024627 2798490
10634323, 3824407 1978310 1724926 2801870 1597448
5192551, 882266 1044904 888097 2187917 2393702
2949795, 1822244 3526178 2840855 1104370 2221948
5222150, 1807310 2981369 183353 1511837 258341
8639080, 1885462 619692 2208924 558379 329493
4648194, 1193299 2651669 3752712 1447258 268524
5409767, 2840855 1887389 1321053 3526178 2454612
11644524, 2950527 356651 2696444 1813817 4511252
11721875, 2988085 43827 2130251 3674307 2394605
11607012, 1282800 1868706 1040641 1161914 2490193
3604273, 85585 3879862 2953508 1094446 337446
4599267, 2456102 285861 3299723 425755 2805146
4481944, 177435 3724907 3753835 3008506 1275169
3033927, 2891097 3055957 3780064 2955514 2874359
6947733, 1156143 1349120 3548578 454303 1210884
5500219, 1823408 1588957 1852816 1103473 661326
5950853, 363983 330927 3687848 348044 3102263
8491596, 2110368 2016533 3315809 2543050 242027
5088447, 931999 2419109 2009098 2604245 2601340
6746260, 1137264 2840855 1321053 477570 1156143
4886191, 3195453 307628 2635807 258342 3539205
3570431, 1926637 2828094 2762483 1341729 483690
4209541, 2115636 2943902 723307 2543177 2476192
8811687, 3315809 3342494 3226541 3661666 1539909
10824670, 2273953 1447258 399044 3021710 1082476
3433226, 3071399 2273905 3743576 1525557 2895494
4954442, 2855235 2701504 3344156 2130408 2713186
11596000, 1200650 3726925 2722967 4576412 2817936
4075054, 878174 2895375 2245532 2607924 2584899
8785159, 2901701 2747293 3198799 2490106 2071994
1112652, 710124 906707 221724 2897887 429024
6689899, 3705881 726853 1074579 1505741 3689789
14632, 2770411 3470350 2136509 290549 2747293
3055616, 1020641 496888 109495 1773014 685159
11486284, 2310797 2981639 1044725 1610085 2735522
6609222, 332523 634581 1227698 1532475 2279458
1434062, 2826756 1520631 186153 430584 3865188
8918185, 1862537 429656 685906 1230884 3821062
8742935, 3709656 1120104 1083593 3563992 1563309
10989247, 2997985 3590024 2308131 3687848 1457317
3530393, 2943974 2019643 2839881 3058606 398626
5224869, 2959180 2915642 1887345 1891152 3406618
7525761, 2618210 99100 1569730 1732003 699499
3931473, 867468 578043 2507636 3375740 2319782
6403627, 1533715 1492886 439449 2694056 3496783
7905989, 105531 2631789 3669557 1998496 3738603
8934605, 3282274 1128441 3126805 1411170 3629186
5553351, 3436116 1188811 1321053 2840855 1580480
8002289, 3357328 1707977 3212836 254108 416373
743329, 2517292 1272456 2464273 1257154 3306597
10353988, 2121538 843630 2443934 181328 2868536
2992577, 2932680 3779090 3039886 2607569 1781238
3348331, 2342350 60163 3159807 1999809 2371834
7692, 2944912 163088 170219 1184843 161734
3273589, 676813 166355 2367829 1181285 2226095
11631550, 3481281 2154375 820660 1639887 3876951
8810397, 905850 1639760 1252565 98377 3441502
4056938, 1873672 219947 4733003 3862221 1105456
4520013, 2814312 4861166 2216178 1143803 343540
3123711, 2847381 854737 3785951 1638627 3745867
6912079, 1094523 2077625 2891538 1090795 729062
4703688, 482032 664654 2983164 491008 202478
7541999, 705971 106474 280890 3574295 2053567
2648588, 3875981 2456334 545167 2677272 1609693
1723659, 480261 2842971 1254164 2206390 487375
7876095, 2793557 611551 459966 2609171 55683
5615516, 1105456 2584586 3862221 3861322 723392
6341449, 1443940 473077 3731626 300694 872243
8552817, 2959419 3861322 3408416 3441981 1790459
4564858, 3802850 2124656 381458 3878241 2872619
1042467, 2761360 2635649 633500 412613 71498
6118109, 184737 1495432 1205292 3261304 3778293
11404203, 1881438 2467736 3664167 1566952 3193037
6372989, 1707930 2206220 1832159 2763511 3290805
4874456, 2820064 3240741 3750109 2978266 2086711
11732161, 3463936 3361083 521376 414277 3644016
7728404, 2738418 1073946 2833119 2279269 2020985
162342, 1095014 3292657 3696622 3361319 1065480
7563340, 189773 1074176 2579225 2594689 2087110
1235286, 2491432 2089171 2859364 1629247 370293
4001315, 1772172 573131 2642819 1900368 2945699
8118551, 3398822 2491484 2835670 2511684 1383056
3931430, 2983311 3836965 3674267 814723 3588711
243896, 2467138 1578986 1813396 3668691 1920333
8778505, 3356950 2137219 1896558 3752712 2655526
8121236, 3362102 2931442 1646238 2992983 619692
8805078, 3850548 2483949 1569448 2062213 676946
3733475, 2448296 2083692 3866410 3770128 1187176
5356706, 3682516 3147325 329493 2208924 597782
5208744, 2206553 3406425 1696853 133566 2780453
8552176, 2357711 1054220 2157948 3381137 1712193
11214325, 187080 2318927 1532498 1897819 245391
7488939, 1955136 1165287 2920783 524972 918038
6019787, 2427036 715604 3588744 3681415 2702661
7029503, 908560 2965594 2919813 2028017 1088972
5651252, 827621 2208924 3225706 619692 3000505
6242194, 3697200 2525327 1764470 2699477 634581
7287084, 3373381 184737 363983 3778293 1495432
4960760, 2376433 1702152 1643644 2386845 1820931
5016527, 1718626 3819819 634581 1369445 2490195
6085353, 119850 2882802 879552 1051939 3790469
7671909, 2261193 2022532 212283 2537070 864570
10611781, 2610786 2118400 1427028 3161615 1517516
3223523, 2213740 3702593 1248063 1351737 2175221
10908720, 3783305 3222091 2448296 1227320 2859979
3432827, 3126058 497958 2265683 349262 3425632
11584841, 1721394 887565 2827871 2476504 2141167
10973455, 1716480 2023548 2993520 3668439 363843
8839629, 493088 3647331 1831605 1574855 3607856
3880666, 135754 878761 656735 2578891 1736584
6775824, 868459 1276839 1038455 1737850 95816
6990156, 3862221 477570 209196 3481281 3876951
4179197, 2443045 2130251 1812449 1613938 2217821
5766099, 2895021 1231659 3323832 3542444 3685089
10282171, 757067 2292596 2075729 1378421 443455
10860694, 1862517 3091338 2800395 2547173 2384462
7983275, 1704824 82776 635540 2553725 2100411
10287649, 611072 258396 642244 2214901 2080046
10752400, 1731651 2886871 3210574 629170 482359
7225515, 812499 961480 3785916 1098714 1167976
5723325, 1094523 2479079 715226 1788000 1286763
7322155, 1818401 3703451 259451 396262 2828048
5994469, 2175443 883229 2959419 888097 705903
3844030, 3705881 2935712 1074579 1209729 15136
7600047, 1758363 183353 3481279 1781238 110947
595336, 3303143 3431460 2159342 519961 1732003
8013940, 2766473 413966 1788000 2886871 1979375
2674820, 2691324 63982 867151 1184839 2196900
6858575, 430595 2628397 2189955 1790230 1827398
10448616, 89076 2740759 724972 2570631 1154893
4327110, 3249349 425567 1275169 97303 3622054
4331710, 2118400 3093188 3199872 515612 3044644
5835478, 1438242 217060 82520 2816508 1831358
7894055, 2277812 2803842 1337281 3197875 2553898
5456967, 1272456 3091541 2517292 3211398 503853
3840276, 3789763 3542444 170846 2189584 2895021
5128362, 2951174 491404 2561754 1489642 166341
7541359, 1280254 1281481 2783374 1298775 3106976
8575134, 2023847 544173 2580603 1347178 2449660
11552358, 1780413 3880306 1987449 2174946 855699
6104803, 613737 585028 287951 284647 1537399
6421278, 1566952 1885462 597782 3225706 619692
10460399, 176409 1317101 3568402 307771 2814313
4876989, 3147559 2507572 2148385 1368225 1187099
7323948, 1056031 2014428 1995245 2325129 2119266
10121910, 104894 3863389 1994478 1742308 2136267
10100253, 3624980 2347630 2464168 3605806 3414685
7145669, 3197875 1896558 3779477 477570 619692
5297028, 726853 2273858 497483 3589193 3689789
6485076, 887566 1206210 2838389 1193948 3430727
8756528, 1671092 236691 1887460 686683 1808284
5063162, 2212278 614395 1764661 1790145 3739078
11380678, 1467365 1823757 2804798 165357 593269
8915449, 3088096 1086517 2997985 2376766 2758991
3722891, 3008012 3726529 1564366 3103045 4733003
8395333, 2279148 3198268 2083493 91382 3293924
11743482, 2289675 1245534 597870 1764578 82527
5809937, 348280 1039201 3174998 3007262 1228467
10983167, 820620 3826915 2159342 2284910 1321456
6471177, 3467790 611210 2813079 964495 3745656
5018138, 662501 3189307 2050597 15136 2610018
11405771, 2525327 3053369 94251 888485 3737594
4700611, 611551 854737 3570539 3484505 2378010
3760581, 2740911 551406 2021807 3003456 84086
960123, 2825500 2883137 2829802 2803834 488311
10578077, 1436358 3692677 3624076 1486348 167012
10553189, 379774 1353650 2550702 3890883 3198268
11569474, 854737 22413 1754651 3539205 2787866
10266948, 183674 2731014 1519377 2638738 3411357
5184768, 1349120 2855889 567926 2110844 2433268
4921291, 3225706 1885462 1255651 2208924 852849
5378501, 3496100 3583387 1827445 2359510 500054
3005102, 3415354 3523857 83121 166708 1610584
8868133, 3088096 2535215 1384775 3770128 3590024
4484173, 246102 4632290 1363985 491008 1767081
7619099, 1607588 3368450 2087110 2730084 52663
4745993, 1702782 1527919 682335 1297735 459219
7452790, 2716734 1432964 2409997 573544 2482795
3771735, 555871 2821432 258341 1700748 3119288
3273320, 2839271 2607721 661380 1963853 286457
4115746, 619714 1174456 2408288 688299 2938199
5361585, 233723 1775639 2652244 2881435 464456
3660283, 2610018 2950530 2367577 3394869 712615
1978942, 1819065 2763511 3021710 885466 162041
3145192, 2787866 1707930 2488394 1136419 611551
621231, 573540 1477388 2391664 81663 311881
8659141, 3526178 477570 2273858 122376 1822173
10337064, 731534 3057494 3189562 16383 2553898
5223680, 346147 619235 3368450 4877218 206081
11476961, 1201857 1942096 2393644 2805433 482398
6664633, 3850548 2911646 1033312 2483949 2062213
8923878, 357636 2833838 3388800 719653 3126078
10977462, 488311 792691 1344294 459211 2820770
8737810, 2739044 2563446 1734345 3138665 3638164
6605425, 3875981 642667 1609693 3464050 2677272
8318711, 87847 2785699 1178205 3626561 3038088
6623433, 888097 3408416 705903 883229 1845797
6049976, 437557 892114 281211 443407 3269911
5296513, 1896558 2840855 3498036 1969864 3262995
6631312, 4733003 723392 1105456 1818779 2935089
8035714, 1807310 850399 183353 1781238 2685821
10149083, 1711410 3139197 1707628 3711500 2439212
7833150, 3732239 2621488 1052138 211491 2232478
1744540, 2721557 2875461 1678669 2016146 319954
7981077, 2833953 1498486 1799640 625939 2690832
8445878, 2671906 3124665 1476700 1571931 2905043
5043354, 1787051 1842828 1184201 2821505 3043585
10070668, 3103299 727682 1277117 868728 1998638
3016013, 1580480 151738 2740911 2021807 452010
6461353, 1193299 2655526 1558542 1447258 2190582
10594920, 935345 2174517 1808261 934689 1987342
11016983, 531681 3521357 1684535 2977118 1933903
8439600, 2393644 2592682 1437551 438050 853709
2917310, 2160453 222438 427678 2022615 729062
208567, 1087473 1822266 1618372 3107004 2092863
7784051, 1887480 2327566 2891993 88869 3790451
5277930, 468457 21156 2855232 3703943 1158146
8148304, 246102 195273 2752955 1363985 1321053
7684526, 2206220 2608358 1729875 1991926 3637072
6292465, 3197875 3442029 3262995 209196 3173841
7085410, 2800395 2547173 3091338 1494256 1390500
10159137, 1758365 1926637 1818286 656735 1003485
8981465, 2839411 2987500 3542267 3379795 142920
5906992, 2730530 122376 1828362 1979426 232068
5721253, 147758 2974620 3838261 1479860 440317
5399045, 1102164 672498 3469078 1716480 883301
3676511, 1293917 2350731 3659093 1741958 2950531
465698, 619692 2421724 3225706 3000505 1255651
3067099, 1078202 468841 1625710 3688292 1881294
8933647, 2345092 820913 3477637 307071 3261368
3018913, 2882303 4474831 1231659 47331 3876951
72826, 1824407 1787172 2316804 2328411 3669601
7739542, 1185873 3875973 2969165 3064779 3364403
8851097, 3862221 2110917 1074579 3794036 1268186
11396283, 3568402 3846669 3368450 171498 675104
4352112, 1174456 3181352 1885462 1550195 331672
10676056, 2911646 2483949 1033312 676946 524972
5449729, 1670773 2768037 1218044 475492 3556874
11158796, 2581177 331615 1082411 4770494 1075420
10161524, 2455168 795622 3067178 2213950 2694659
11404827, 164165 2981369 2967714 258341 3288406
3306386, 364627 620375 2625316 3827608 2587499
8450933, 3803678 1807310 1781238 3542379 2645541
7826813, 4855949 3343740 331615 518778 3611723
7270644, 82776 2664310 2822906 3406618 350999
11436945, 2959419 47331 888097 883229 2804074
5829328, 3532483 338325 2635642 2265455 3683194
6311549, 220921 2763755 861092 2504946 3102224
5654462, 2667428 2372619 3149738 464997 1030847
3435196, 2816362 1072700 2423405 2015292 2346564
11639137, 1067813 2048115 4765728 716433 3324655
5039186, 1154987 1831777 2674855 2163743 346147
6888371, 3003857 2923910 2133608 1337629 2093363
4272590, 3213326 3161615 2490194 545167 1427028
6243192, 429289 543922 3148065 3078802 1568405
10914066, 3126805 1707930 1128441 3044962 474023
5386960, 1935372 1229663 2629931 482101 234836
8249540, 1864132 3078303 3025950 3044439 1890831
6480390, 2278488 1984727 1275279 1105453 515332
10092330, 3542379 164165 1678109 258341 3870306
7597559, 3672205 3737314 2053567 441896 1795289
7333844, 1363567 2458112 1601680 593923 638436
7541402, 494962 2665520 623218 2515306 1718626
6405958, 1710236 891437 2493000 1217853 3080777
7792713, 1948899 1156143 1210884 1943637 1918310
7482647, 2135890 1589484 2505515 1203090 60517
8993635, 159945 353329 1762655 3231199 2467952
7948824, 836369 3678231 524425 3693944 2765997
6001088, 1702782 1689299 1297735 2207065 1712912
8419128, 1832475 1293904 2709687 1466722 3577213
5760678, 3110343 1843225 3343093 341505 3839352
4706927, 2221948 151738 2999747 1713531 1942205
2741177, 207827 882385 1871410 1962853 1321455
3460809, 2075748 2580603 935345 1346138 2174517
5558984, 298790 3704012 403443 84556 3113091
5286415, 3528409 1010896 1853295 1201170 676922
10178078, 2214873 1302894 2762247 3633671 497413
8714906, 289298 624166 3003480 3296141 2071408
3617187, 3862221 4733003 2110917 1818779 1105456
65535, 1735747 1262158 3685089 2891097 3323832
1370133, 820913 2965667 3477637 307071 3846670
5123555, 46522 1431825 1111745 1506023 640414
11356594, 2175443 2288527 561470 2690153 2746430
4372571, 3889632 3442029 3141877 2610018 3526178
892769, 868459 184737 1951940 1482833 1844874
10645352, 186153 626093 3307848 3027682 1868801
8960528, 1730894 2751265 3001839 2937179 433647
11571801, 3542444 3789763 170846 1742150 1218315
8378295, 2074678 3601995 1438349 2527135 1437167
8273887, 2863395 3193037 3671801 840796 2158999
8987911, 3703378 2478944 1154893 2434469 346557
7468408, 1130644 2100411 1704824 3254734 4627306
7786905, 544064 2021821 2012920 1133399 918131
381957, 3003396 473078 303319 3324655 3764551
10316130, 908656 1526516 2860409 1043241 1887335
8657812, 3066710 3718744 3066606 1911261 2346294
7541856, 61257 531685 329539 2673963 3579175
8652652, 1659741 486570 974932 2594659 1277654
10411812, 338400 1812232 2697303 3054272 1704845
11365998, 633500 1639879 2761360 2635649 1775818
1748497, 2987503 3542444 1737850 2895021 3789763
3830724, 3295769 1835240 1003485 2163595 1677042
10657098, 3727132 2878218 2450172 3375402 1270012
7266479, 3568402 2206532 2814313 767285 3668891
5557957, 1678109 3870306 196922 1209415 827266
6337235, 2454656 661380 2830848 307565 2607721
56379, 2805381 3795508 2212281 3569577 726679
6231219, 1054050 2019507 3156449 268388 1359585
1020298, 1558542 3752712 2655526 1193299 2651669
5185518, 2014428 1995245 64195 1257230 2325129
6322058, 3605630 726853 1517098 3346814 206081
307419, 1262158 1074412 2345092 3685089 3003358
2799753, 1080900 16336 98865 1942933 2367877
10919241, 3583081 2967977 2042335 2983320 1207847
4024294, 1887460 280389 99408 682335 1438299
10950773, 4733003 2110917 2584586 1818779 723257
4718310, 4571136 270171 2720582 707947 313752
7542183, 210665 2050478 3124758 329015 531699
8086140, 3565613 1173144 3884945 1087946 3210797
3992613, 231869 3484347 2214856 3767985 2436733
8140492, 2706782 862186 2103593 3308328 1887439
3449610, 303319 1857055 611225 3647778 4724556
3106386, 957609 144283 2741679 2840640 458485
11575442, 906467 2122544 2834126 1046267 2974531
10183397, 1764470 1563037 94251 3712298 2110809
10938607, 491008 294981 3477637 820913 1691880
4023906, 1681980 1963312 1150479 243367 2962335
8223708, 3337526 1916291 2337160 3168705 3875968
10699791, 1807310 183353 1781238 3803678 1813360
11689258, 3791011 1423977 2249339 3824158 3511390
10467175, 417955 2583860 2129531 2830799 2931260
4735981, 1764773 1166047 3751512 3354374 280934
8410886, 359955 2579225 3588711 3824161 2706752
11352591, 1547985 3492886 1512123 1670208 2752569
6589080, 3674307 3767985 573738 417901 430224
11705758, 1045118 199104 2310756 3487128 1292356
8344555, 1346106 3620268 626326 3440322 3048645
11114146, 3590024 2376766 1192223 1526390 2263419
10050014, 2768310 3207145 2394992 2843792 2673839
220447, 1390500 2800395 3091338 2814313 2021175
11537603, 3000474 2483913 2083566 3853650 858614
3103711, 2455168 3118789 3299421 3067178 2213950
10668173, 3689789 2263687 2801526 2811665 3464076
8843580, 1742115 134603 2700882 1373881 3620584
45305, 1871405 1569542 3029978 3331523 2556447
7541684, 299780 2419222 3522328 1474611 2216667
566005, 1811008 170785 2923903 2207366 3427649
595999, 463561 634839 2625316 1815838 3643997
8538298, 254108 870389 3303143 3529494 1626154
10303447, 3675707 1445410 307565 919584 452010
5285242, 4733003 3862221 171498 204966 2814313
7579406, 3197875 1896558 1969864 1580480 3173841
7635037, 2374130 3103210 206351 500887 660659
4357689, 1033312 3850548 2911646 1998385 1569448
11398114, 1255651 2208924 619692 3000505 597782
10122485, 1470373 2805323 1299041 2905435 353241
4776657, 1373077 1820221 3778293 1116187 1205292
6232284, 629219 2765030 3369818 2393644 1035427
8750980, 2656990 403443 84556 3704012 22480
7947433, 1522797 49947 1363597 2159342 3133528
10786608, 2967714 3542379 627589 641795 258341
8277527, 3764728 2816337 3338230 1767784 1609243
4217690, 550411 1842899 1242578 1774982 3869533
292537, 1795984 195823 1372551 892681 163208
4666371, 3016672 2413724 1357594 122449 3339641
1427124, 2456116 1210938 3626180 3450097 166974
8545227, 159939 2322826 1198639 1519441 3742204
10701039, 302786 2098236 1296528 1363528 3603335
11510636, 2673648 2747347 850399 2337928 2328190
6764119, 611551 2077625 3570539 2584899 2097978
2425249, 1732003 619692 3225706 519961 3826915
8242299, 3532603 1918321 3112107 900578 14961
5286850, 2478944 1189536 1187764 1202187 3629210
21754, 3078191 1532482 500747 3043875 2705249
30913, 926181 3876951 2741789 3801835 3032397
8557317, 567926 2405619 2412497 2819522 1714792
3203380, 109392 2758991 1815838 1364806 1868682
7769343, 2285204 2087110 1337610 2579225 3482025
1084376, 816082 2692928 2053926 2742453 416549
1214905, 2013360 722020 1298775 1082776 1885535
6894681, 1656742 1258719 3066903 3607633 2460511
11698300, 3543333 2465392 1072416 3453783 3415354
3706014, 2688909 2164492 2110673 2473363 1276801
5587602, 905691 518570 3743698 2214578 2264501
11049398, 218197 3071903 850972 3842353 3854246
4080314, 3753835 3678792 2902714 3693978 2552638
11457242, 2086935 60163 1282449 2371834 1947861
2322727, 658053 1068442 2608952 1474480 577222
7178082, 824737 84556 403443 298790 1626517
8386660, 3735049 810867 166149 1568311 1680903
3438766, 1953516 2273947 4532444 3520082 883229
4920174, 3258646 60154 303136 2989039 1629296
11663512, 3705881 3068991 206081 3534168 516664
10890557, 2997023 1338121 1310075 445269 1571890
8402614, 3838261 3493291 792692 1942971 814853
6546862, 937642 2976078 2031836 433647 3663970
8583496, 2783898 2798321 2989668 1091699 1725029
4133157, 500762 3076432 1992308 195065 1334448
11611773, 2482494 2104775 1916004 1257154 1929035
8534319, 315461 2891241 1625542 1199178 436523
4947166, 3862221 1105456 2153004 4733003 2110917
5488803, 3550623 1586815 633794 432112 3134729
11486805, 3423322 3540054 2108485 2165092 2587574
7120605, 3711243 1922453 564249 386919 3018000
7427521, 2273905 107380 3743576 225486 2997023
4489342, 1807310 1752207 1498584 1325067 3092746
4458648, 1069096 518805 1537791 3418668 1675148
6747417, 502305 2984072 359265 3414685 792358
8337582, 220921 1879867 861092 2763755 1040950
6407088, 1258850 2164492 3287227 1126809 2607773
182221, 1886505 202399 1093529 1681724 2949008
8203297, 2827871 2398985 3764500 2078842 969969
11715496, 2711318 2786495 3593816 678779 3331123
3327381, 2660694 1748553 3567175 3013780 3728277
677539, 2352043 2110740 2263475 2837566 2428859
7594402, 3575766 1348947 3378906 1217319 372376
3870253, 4861166 2642677 2625316 900569 192369
777486, 166299 344709 89645 2066271 1439836
7670417, 1251945 452010 2660679 2178620 2730943
6162722, 727464 175485 953385 2487984 1338910
8504616, 725896 810774 2765691 977040 2280211
1900502, 506292 2174283 1998537 3053448 1229423
11639104, 544157 1659743 269871 608344 1447642
6818459, 222690 1251436 573005 1083643 1391071
7541344, 2627787 3828954 676744 2062213 3192084
11761318, 731534 1074579 3705881 677106 2730916
7653681, 611551 2635469 1286763 222438 3044776
11308963, 321515 3460966 2737643 2572375 2179403
7111888, 497483 3689789 1074579 3846669 3794036
11524457, 15100 1661878 2636884 2610456 3158066
7628375, 3679249 2840855 3876951 1321053 2327471
7423694, 3779090 2621504 2089169 3165510 3039886
4300061, 611551 2801526 1297735 3570539 2206220
11666000, 3075890 3233981 234836 3668906 346385
10182942, 3431342 495056 3876951 2762459 1538910
4655279, 1607588 2696397 2097978 2077625 346147
3451465, 3641800 2160494 1272404 3532398 1228679
3805553, 276186 3686079 225513 2367577 1112182
7488959, 2737599 98812 622488 3779477 1074579
4106143, 1399714 2424579 4730293 2214915 403402
6326354, 305486 1345519 1725048 3682403 3173993
7541819, 387926 2782404 3715041 2523299 970234
7897163, 3875424 1168052 2709669 3363388 689378
8452629, 3752712 2948452 1193299 2655526 268524
10748272, 162027 1858791 2567908 2062093 3789763
10798634, 3351721 2803471 2608331 1258296 1530346
6964842, 2709762 2673010 3072402 2817924 220135
4491657, 2671906 1337992 723257 1722765 2584586
7041981, 801924 808717 2159342 2607899 2024077
5083092, 1298775 2406767 1293892 2139926 1234265
5621623, 2434264 1912347 3683194 13664 2154608
4387985, 2673973 170219 1184843 1471766 1844060
6900251, 353487 2337941 3738828 3097501 3792535
138298, 1599699 2642636 3306805 2216192 3866159
4587562, 166355 1181285 2791785 2158999 503853
8320309, 513712 885466 3197875 209196 650667
5476808, 2891097 519975 2453761 2634450 1210884
27279, 2715139 2166522 3159698 1982914 3626960
11320607, 3166665 540211 2209079 1046531 3666106
4574339, 2837794 2021654 1667142 186159 3465928
5451874, 3087317 3078197 4486831 673874 3592413
10851736, 3284466 1563090 98726 1337272 449796
6175984, 1607128 3679305 87843 3262479 1134078
6947299, 2443045 3674307 1062077 442754 2394605
7107328, 2137367 2100359 2542790 2642801 2124019
7497396, 3778167 2652244 1775639 626264 931999
1442781, 1689299 892114 2903804 1914410 3269911
8932952, 1137423 2915537 3827618 1276182 2140136
10202276, 1269247 1751946 2213740 2440073 2786149
6441029, 2307089 3089864 597782 2971376 2833203
5798962, 3007591 3782516 1281817 514351 903361
2996668, 1126111 2428861 634799 2829151 3774806
25084, 2740911 551406 357046 3003456 2364156
11741193, 1866619 1433443 669224 3691666 3309723
2650400, 558379 2208924 3000505 1255651 597782
3263062, 1121112 2671906 2271077 1817706 3025445
10018929, 171498 2021175 3568402 1457317 1887389
11507522, 497483 4474831 3689789 841522 2902714
8253857, 184737 363983 3778293 731534 3621084
2733202, 3526178 2840855 2221948 2101974 2882802
11475868, 3593816 526498 1874467 1516156 678779
11634308, 3187360 477570 3526178 2840855 151738
3980725, 3752712 3056264 2883137 1039244 2829802
3881183, 2692408 1781957 968568 2154475 52712
11648420, 3490889 866230 15117 3522321 2461252
6026811, 131052 1127506 1206974 3727608 3559283
1954538, 2092071 3738828 3841925 3550758 2896519
10219482, 1255905 3173002 2134779 1275593 132610
10440335, 3142543 3496602 3839352 723444 3004917
3114395, 3456155 2652441 2208087 4470161 2625961
7304057, 1887389 4733003 2110917 1775656 477570
8595004, 3221429 1853295 1815838 270419 653104
6098219, 2323249 934094 454294 338057 813498
10179925, 1750159 601272 868181 1824244 1234265
8661513, 1982962 2285239 2247118 2880095 353663
6689942, 2802253 1607588 2949623 3368450 2531068
5171140, 1571528 1174062 1069096 1321481 2444097
10126649, 1381678 405885 1735747 829863 540211
8681593, 2226099 3246229 311929 1083643 1389521
10828205, 2957160 3080296 3750503 951046 3602562
7781220, 1527960 826176 1982962 519841 1477219
8536068, 2790114 1421283 820620 502305 2552425
5108569, 408580 3368450 2547173 1607588 1932872
3892132, 1128441 1731010 2488394 3126805 1707977
2948516, 1951940 2793557 908549 1525557 3393887
4618894, 3780933 2206220 3821494 891930 254108
5334991, 2911216 2912461 1067223 2930330 550411
5152372, 1378634 2122544 60481 1340430 2974531
4333018, 1262158 1231659 3705881 731534 3794036
2949463, 2601799 2293505 1399714 397495 2611272
6046156, 3154540 1643644 1820931 2895075 12991
2637377, 3103052 1038829 1549315 3828279 2485581
5238339, 675104 204966 2547173 3687848 1457317
6078459, 410752 957540 573499 82490 282620
8267477, 3021710 162041 3157925 1306046 3745921
11392031, 3828446 3589193 849916 2079541 2712377
7778486, 2123920 1343377 3738272 2209079 2788230
6633074, 189773 359955 3607787 2909333 1318466
3717952, 157469 150827 2788230 2209079 3295890
5410137, 2298216 813427 3315809 2160644 3044962
7343374, 2140136 2674473 555950 513712 885466
2819227, 2285993 430585 2843492 3006074 2847560
4048193, 226528 3679249 2840855 89645 1580480
10929094, 193921 3375402 1764773 3534697 112767
722772, 2126107 195065 2260617 2862475 3191548
6570611, 1373077 3621084 3778293 903361 93919
3721639, 2998091 1635262 1584266 1173125 1887713
7222291, 2999747 477570 2221948 2840855 1580480
11439680, 1291070 2546822 3321806 2157188 2867676
7665538, 1885124 147215 3551573 1208214 2219969
7070881, 1473366 2208245 1713196 1902549 3133504
8834042, 363983 2584899 2840867 2509644 2022615
10608924, 3022755 495056 1715190 709967 440317
4180830, 1311435 3368450 3091338 2684386 206081
8492066, 180342 726178 3785296 727878 233386
10676968, 886305 2679918 2696828 3664804 1908953
6565187, 3685089 662501 1210884 3431342 1321053
11356235, 2285204 908549 1951940 2021807 551406
5236847, 3732239 2785699 3861027 2240506 3161451
7144874, 1201857 1942096 2832266 1680903 2805433
2858274, 1663866 1790230 2373644 2260617 2949015
2983529, 1101405 894776 1133922 2883137 1499107
3179135, 3745921 2229502 2253547 2507572 162041
10144486, 287886 2999685 2378962 2361623 1111708
5209706, 1876893 1082476 268524 2190582 3002581
10043789, 3067313 445115 3801787 2038794 1819176
5223441, 3688292 2023548 1625710 3668439 2194272
6883725, 2158999 2800395 3091338 416401 1494256
8555938, 3862221 4733003 171498 307771 3861322
4763718, 3745867 433342 3463576 421894 3731378
10929129, 2175443 2902714 2959419 841522 1845797
6074303, 162041 212788 1819065 2148385 1808600
11326412, 2854352 2280075 646158 1364799 3581933
10236319, 3819159 2740759 627898 490893 1747853
6584516, 3324143 3741189 126359 2805368 2796799
4187709, 7491 3434989 116653 2240520 657171
7831771, 3325143 317350 2022588 1098545 3288426
8493471, 2881150 3222091 463366 944043 699499
8686467, 3522328 299780 1474611 2421724 1209415
8360749, 3000505 1165540 3138311 2208924 3389343
10025680, 3629189 3834472 2597503 207827 1652643
8373293, 513113 1173144 1259714 3463689 1678284
4508857, 2914383 3094785 2214382 676173 374531
10212695, 1367609 3196128 3406425 220816 3299699
6623291, 2467736 3606916 954686 3362238 97706
10884382, 3743698 518570 1202138 2214578 2740759
10333460, 3588711 1951940 2609171 1070378 3853650
7817601, 4700754 3127479 1139169 2481245 3862221
7541789, 2762482 680697 12344 2898312 494198
2800158, 4592001 3158066 1768642 2959524 2787271
5209878, 4733003 654611 151738 3767380 1105456
7256037, 341239 1054220 2157948 1835240 1712193
3226073, 2198034 2799575 1704824 260046 2553725
4697106, 4730293 440231 1242683 1706454 1961223
10431982, 3000505 852849 558379 3225706 3682516
6682434, 2125485 3344943 1690751 3233893 1742251
3931480, 3085326 840365 2786495 3593816 1715211
3667678, 3197875 1969864 1709150 683512 904153
7163397, 2061313 1999180 292752 3118897 1999766
7051040, 1173778 950553 2273858 217060 3332967
10773411, 1205292 363983 3778293 3843520 2840867
6063060, 597782 1074579 3225706 3779477 852849
11634694, 301891 827621 2816950 3167026 844878
6983852, 3296382 2546958 366417 3076687 1867430
2775085, 594025 1526390 2154608 204966 2788000
3799909, 1931311 805586 2576996 1532855 1445410
5891966, 2146015 964424 3842992 1815838 2590238
7816055, 2234183 1174062 3666035 71393 2065733
8949149, 2883137 2827871 2793557 1090795 2800395
5738236, 2585019 3128457 3605806 93949 2717004
10195021, 3738603 844813 1917192 2019538 2996562
10753015, 160392 644409 2330312 1864337 3665447
6228897, 3557832 1415886 1535595 825639 3423059
11049617, 1707202 3212294 2837550 3532603 3340656
6069848, 1604092 2791079 3570539 729062 1917192
1934920, 1569730 2021654 4620979 620375 2232524
2960930, 1337277 959718 2692311 2458688 2762258
5459308, 3197875 3225706 597782 2160453 209196
1325271, 3561481 1732003 1818311 820620 1094523
11557840, 1766450 2720582 270171 2110844 1634949
6809149, 1597759 3043649 2652265 2457734 1749524
10130077, 113351 3638678 3147939 2610613 612843
5300509, 3843102 126494 2692408 1781957 851506
8923889, 2427061 597782 1885462 3000505 2421724
5032311, 3368450 346147 1607588 1555733 206081
11666283, 1373077 2740911 3778293 2651669 3671801
4693216, 1156143 3796108 1205292 2840867 3828446
7792488, 830526 808752 326566 2985088 405639
5878211, 2891827 1855739 450366 95816 460386
380162, 1549766 1652519 3776568 2805099 225517
10301102, 287886 87843 1275279 1470214 3862221
6851488, 2110917 2840855 3526178 1818779 2221948
4193192, 1595978 204966 206081 1518083 1607588
4652155, 2448296 1569730 1187176 2187917 497483
10315407, 2046649 177433 2791782 1945116 1160423
7935077, 2250352 2046649 1057662 1708030 163175
10230336, 2787277 3323832 331544 2712264 1135049
2682469, 850705 3141877 2542790 2699633 2390971
10113652, 164165 258341 3642580 3803678 2981369
4699793, 1229758 1153681 509003 2699674 2820330
5470279, 3000505 1255651 597782 1885462 2208924
6503250, 908946 2899075 1643563 2733559 3838882
11356310, 331207 153094 3555288 3585250 220667
6322308, 1242598 3166665 1156143 619714 1905989
583765, 2787866 2894765 1349120 1136419 3559283
11708060, 4495924 183353 2303972 343623 1747718
7985832, 500762 2126107 2260617 2189886 2811288
8856957, 382006 450180 106861 273811 681361
6549303, 870885 1704993 992234 1675148 686070
8201619, 2062051 685159 3548578 426969 2635612
5860158, 2478920 3319330 1327859 3718754 3850689
969635, 4728145 3828446 1381678 3061777 157469
10426229, 2328093 704351 3750061 3026916 219969
4852202, 3671801 2740911 551406 357046 3003456
7326957, 3166665 1847769 3459300 847665 932198
10028106, 1255929 1588326 709895 1817363 2651669
1934236, 1896558 1540089 1240856 3197875 3262995
5363531, 1922453 2273875 3166626 15237 3138915
6432549, 594309 3828446 1099416 405885 2429069
11300787, 2298228 2124656 2790532 1639882 2955768
8086750, 2747338 1421132 3157523 1656742 3066903
3228257, 1885462 3000505 1255651 827621 329493
678422, 370302 1089082 1272420 2237810 3141877
11135111, 183674 3411357 159969 727878 2731014
6146150, 3389343 1181241 827621 139011 731135
11442546, 3528409 2758991 1651351 373673 3530541
5214213, 660853 183353 2808145 1781238 1088475
3768979, 2277952 2214931 1260082 887512 2890112
10448892, 190507 147752 689425 509223 1607590
8629572, 320078 1343896 2944460 1803682 3474959
10695734, 2977884 2226451 3194421 405885 1505112
6786545, 677106 3794036 1737850 956158 1629296
6670615, 611551 222438 3570539 3044776 2398985
10553187, 2789820 3059682 3530570 2807396 2178620
5562778, 2836231 1186182 2367829 3819819 3441385
3312923, 1046531 3542379 3102246 2835744 2967714
10680925, 2440933 1903729 2015578 1527960 2563446
11164792, 950639 325645 1909992 2394605 3618523
8057033, 723392 2509644 3568402 307771 204966
6296233, 3044360 2214578 2153830 113503 3726795
5600317, 1206749 1281245 313507 4928396 1998638
11373375, 3173841 224135 3197875 1571696 3279211
4977619, 1258176 727409 726864 3642678 3163742
4147365, 1137713 806444 1676217 2737643 2757475
6623562, 956202 2263475 364856 663615 3772815
2461004, 3342362 2782678 2173606 3103052 1355400
6700103, 689621 3007412 2805323 3590024 700200
7057972, 2344907 2846230 3324135 3362238 3555288
6372501, 3755840 2573229 1881195 1537399 2917818
6279548, 1184839 3570539 3502848 675104 1268186
8708418, 1206749 1075407 1277117 727682 3299814
501664, 1742602 1684009 3876951 1707628 94083
656408, 2815314 3658162 535504 635001 692466
10224463, 1074579 3794036 1457317 1657819 1209729
4194899, 166112 403415 1269529 1341736 1691885
4237183, 2939730 3854642 3607633 3007592 826501
3158057, 3423414 911564 3103329 1721423 1439442
10243117, 3688071 2289675 87269 3875964 290206
3656502, 1205292 908656 3778293 363983 450366
6954190, 1827398 1668459 1715181 1435554 3778774
10662505, 19021 956895 2612618 1730830 522391
4139171, 3144248 2393702 292010 820620 99100
5590588, 3705881 726853 1209729 2715138 1074579
3779892, 2048115 4765728 3220824 2739242 3324655
11275117, 529788 2891538 2934743 2787866 3159760
8961719, 280945 186159 3504885 1345569 2417625
6575058, 171498 3568402 2303390 2021175 767285
11184032, 3870620 2552449 346503 1085026 1656534
1174534, 2730845 3174450 3337352 1180349 2213883
11700651, 2618210 2284910 2214012 867949 808717
5993434, 3482025 359955 2367877 1070378 2185601
6432203, 315481 3863389 1317415 2840642 1515300
11472210, 1807310 853628 3211082 3803678 411021
8692075, 3548239 2890112 1616818 189627 3250645
11758192, 1914343 1156143 3166665 3126914 2023548
7541561, 2410962 1549315 3287322 3828279 3824233
2390641, 502305 1183656 1337470 660853 3409772
10253872, 1161798 2254900 3363015 2974531 3802842
419621, 1262069 1204860 2860798 1677847 2759217
4281172, 3675716 2931301 3030317 2845181 1254659
3647707, 1570952 2801870 2551935 1879867 3194410
3086737, 937642 1445143 3502168 2920475 1283838
8142461, 2895021 3789763 2189584 2898194 3767804
2958340, 3679249 3876951 2154375 185169 2840855
10244662, 3621150 275229 3571245 1795289 687223
10931372, 3607633 3700757 826501 2861386 1656742
10062247, 1467365 1437650 2735080 1823757 192579
5891917, 2565783 1842828 2927648 1048696 1427472
4157003, 3863544 3767380 188271 2378652 1646674
7169989, 3064763 1891114 3067201 2062111 497992
5699162, 3746235 2431543 1688674 3556874 3261338
7839049, 184737 558379 292738 363983 3000505
10212005, 2824931 167382 554461 2845484 119301
8484616, 1083643 162673 710124 906707 2226099
1578119, 4531125 518570 627898 905691 3743698
8665751, 2766473 482359 3734020 1595978 629170
7161624, 1690682 2352545 1994478 3746952 409067
7787565, 194414 1564366 506289 827621 2543896
5817684, 3770128 3222091 946140 620375 2881150
8073246, 1038455 1246249 3530762 3381388 1820221
10311144, 204966 3144248 2690914 2840855 99100
5699021, 2700965 1474830 1292984 3454670 2706765
5490280, 2378652 726679 2302904 188271 254368
4129154, 338317 814723 3340752 2427704 661380
6636679, 2618210 1732003 1128441 519961 3126805
6906924, 3251724 1856135 3795508 2805381 829931
6295800, 1082776 1298775 2127411 1195909 2153004
3725733, 1184839 2586384 3534697 1764773 3728213
5713167, 1663866 2273905 1868682 2758991 1482833
2006126, 1025827 2130077 3129273 2642694 2612269
3390014, 908402 1392290 2473639 2845524 3641838
3910080, 3078197 202399 417432 1692718 255023
6376028, 2565174 3705257 2206862 1438349 2030517
11618328, 1752207 3315854 1629296 276186 3705881
4085538, 1258042 1635683 672498 1445410 3853154
10856605, 2107888 119227 2456497 1378539 1081701
6194317, 3720234 1137530 1349213 853628 1068385
43109, 2666275 2789820 3554917 2911543 418333
7327894, 1350940 3158660 875156 609730 1517644
8616039, 3095221 3589193 2429069 540211 3700757
3053678, 3705881 3870306 1074579 1209729 2715138
5393076, 2817805 727880 2293446 204966 2821505
5162567, 166299 662501 150827 540211 180404
3118499, 3324176 3647509 951500 3423617 2147588
7817802, 3000505 1255651 2208924 558379 597782
328765, 1181285 166355 2367829 676813 648545
4034378, 675104 3583081 1082776 2959419 1298775
6436509, 3870306 853629 196922 2005114 2476504
7890259, 892114 1607588 632650 2273905 852849
6787627, 2607721 1963853 286457 1598691 115609
8694835, 2709687 1466722 2376766 1525557 3703297
10294014, 3497777 3137607 2234430 268878 1924777
8153504, 2792550 254108 2828710 1831802 810006
10179818, 661249 3518708 2683110 2015354 2880788
10137818, 1707930 474023 2206220 394222 1419653
3723772, 280934 2765691 193921 810774 1094523
3877252, 1137349 1054220 3173781 635045 1212729
8392621, 2942834 715226 2454365 2791079 844813
3313978, 3156553 3621261 956227 2456247 2830885
11159144, 1532796 1525557 3687848 1663866 2609171
10970491, 1188560 2824931 1787036 2234467 1987604
3835734, 1589081 3341178 1205349 203553 612601
11179157, 153094 2595471 2108206 3473132 1611030
11437797, 3705881 3862221 1074579 3542444 2547173
3970563, 597782 1885462 1255651 2208924 619692
7524092, 2213787 2787770 201356 2514711 2228906
1009080, 3266467 2746360 931999 2612089 1074466
4357816, 2584899 331804 2509644 2380059 3726216
6569827, 1254164 3747324 3048645 3690363 1078075
2659918, 3072433 583400 132362 2690901 889422
8716341, 443407 1607588 3368450 2065733 846527
7177082, 2104852 449210 3863556 1984627 2236465
11200407, 1735747 3196064 1111182 150827 1221213
8227285, 3862221 1321053 2840855 723392 1074579
8189293, 1563309 2232169 2490499 258341 3066756
5676285, 2833772 3588578 438790 1729996 2890126
8699905, 3683194 13664 2325110 3825653 1999875
552100, 1258719 2923115 2939730 1589081 1656742
8209852, 2834371 3674437 692947 410840 1912874
7550576, 861186 3413259 2106960 3867356 2141811
5459049, 1792818 2460511 2629850 2597508 2965582
3583292, 3214465 1311435 606605 164165 1262069
5719414, 2207213 2003329 3050433 3562647 1729474
7523789, 2981369 164165 1807310 1498584 2967714
10459404, 2124019 3590946 2542790 677404 3138421
3296858, 2818284 2260644 93949 2934743 353145
3359414, 629135 1368225 1977460 3147559 279781
6234192, 2967714 258341 1692800 2232169 3542379
8511632, 1335728 852761 1486348 1599985 1902549
6850073, 2819522 2787866 2160453 2022615 3159760
10340313, 3072433 1191056 3299699 438050 1121257
7007487, 1595978 1607588 611551 206081 2158999
7173237, 1942880 3449719 213265 1864132 3319244
4961564, 2814697 3203884 1064000 2367920 944784
11447038, 2198039 1569469 712615 3772278 2009238
7460907, 3590252 2619606 2363321 866698 2967212
11690263, 3051901 1057662 2467952 159945 1082018
10576692, 3843102 3357187 1243327 2113443 2445329
8798974, 3088096 2814313 1657819 2103535 3222091
5529910, 59985 1854428 3472253 583912 2836934
3967969, 2437540 3036454 49947 4733003 1105456
8147462, 3411425 3196203 1865024 1980477 3324039
6688868, 1595427 2263840 3700757 1506087 1291630
4757858, 3291649 2567455 2067911 1464760 297747
7363625, 1139169 2455168 259451 3127479 2161487
5448750, 2958534 2235865 1111192 3819819 1205334
8710295, 109392 3202623 341072 1402419 1856604
4488406, 2803474 3600880 2482005 3407440 1522777
8127769, 3525320 3220824 1577464 2591491 3585908
4040387, 3522428 990532 3532632 3342362 1445143
8040252, 2021807 84086 2895494 792691 2364156
6649214, 1128441 1495449 372286 3126805 2488394
8962134, 3288406 641650 1503168 2488901 2981369
2144061, 16383 2989039 1310789 2553898 2895021
10732, 2062213 551401 1048696 166299 1891244
11673773, 3687848 3643997 2997985 3866410 3590024
39944, 3705881 3197875 2730084 1896558 3570539
5782838, 501109 1652827 528806 2829354 1914960
5849242, 2786023 2482663 500054 543922 3856200
5323264, 3225706 3796108 597782 1885462 2208924
3790744, 2343762 3767513 2683786 1670055 3765686
10697175, 1979854 2097859 3222075 3191542 2840804
3884536, 2845484 2730670 109187 2803471 60453
6564223, 2048115 2440073 2830799 3220824 294000
7840276, 1223921 824291 394222 2120922 474023
8765515, 2751642 2403878 1384774 1498486 2932409
4912172, 2579225 1337610 2285204 3764500 112767
2780418, 298790 501926 3727608 1819065 1755145
8155524, 1735155 3728297 94181 1517098 712681
6296393, 3235998 3377983 3753954 2478865 3842211
11080651, 1111708 3666035 206081 2158999 1607588
457023, 1822173 3169472 3711320 217060 1800613
5715514, 425247 477570 3526178 187020 1580480
6560348, 2784161 1044887 3012866 2798542 530525
4598608, 2553898 3189562 731534 677106 16383
8412390, 866503 3216034 1788000 219947 2546958
8774340, 727863 3422255 1363597 1254164 1986571
11233459, 2566209 2477468 1136590 1494256 3715741
8616124, 1094463 1188623 3306553 4541411 345031
11707905, 2784552 493088 891244 2845937 1823408
6432182, 1318466 3588711 2579225 3671801 2714326
7541133, 3821062 1840942 1887480 1704824 414655
463688, 161734 2473777 2537101 2737673 154235
3831384, 2171182 2974620 3750123 1090795 1707644
5913655, 1074579 212269 2924245 224499 3057494
3344620, 2981369 2232169 429747 2967714 1705891
3413131, 820323 698730 3002599 716379 1484265
5962825, 3202623 2758991 3705682 2863395 3528409
11647122, 1742602 3801835 3876951 3032397 3343871
4991448, 1166819 882354 150694 1990916 531699
9004411, 2601822 3032069 3288426 1863110 3472319
4880037, 879552 153171 3231335 2444206 3790469
10141120, 2234467 2802472 315992 315450 2637094
9006673, 1807310 1813360 183353 722514 660853
6006962, 2300706 163241 1702782 3594897 2837132
10477991, 1820703 1242692 1202199 1202249 3624244
8973080, 1482833 570940 3877381 2373644 3784216
3221566, 2325124 888952 3569577 191003 3076432
11452341, 3778167 233723 2919795 626264 3569431
6422855, 279781 162041 2273953 399044 629135
260166, 3711320 2659159 1713684 1537399 1164246
10103502, 1217136 229701 1773014 3303526 3562647
5589329, 413966 3862221 2483881 1067430 2154608
3818401, 1075262 376360 1046531 2384201 3741701
7541331, 1669804 1209415 3085326 827266 260010
10222989, 164165 351160 2981369 3288406 3642580
6182100, 856323 69690 392274 956056 2795021
3743896, 1525484 2839253 3690587 2293446 2821505
8694651, 2206220 2067955 1156143 225486 2765601
7653617, 260125 2277774 3074646 3550212 2053557
6953854, 2582534 98844 2008184 1732581 3502032
5838052, 2368011 2510128 2141167 3319136 962857
6680108, 3871478 274470 2709713 3441502 2794168
11413389, 161734 1635090 500686 1735797 2664944
10767998, 3061777 1646589 1758365 1235736 2828094
7874747, 2629863 3770128 546785 2490499 74226
8189538, 3826915 801924 3863551 2214012 2077778
11125562, 3296131 2481690 2051664 3581652 2869882
695481, 2788230 1747845 1932912 2293505 1887693
5503640, 723392 4733003 1105456 2077625 2584586
8889711, 686911 2889710 1305044 1320168 3751834
5814746, 3674267 1670773 3387155 340906 1137427
11326512, 944043 3222091 2448296 1569730 496847
527104, 84631 285299 382006 2567481 917925
10568210, 3494733 394737 1943637 2063857 2067448
3135468, 3644102 437769 709008 3482025 2015354
8611398, 3862221 2895021 170846 3244992 1218315
977573, 1343356 2839253 2756100 1475211 1525484
4693981, 3166665 2429069 1156143 2273858 3393039
10861560, 1832475 1466722 3703297 3128665 2984344
1680889, 619692 1750013 2031982 2604623 1156143
10132900, 1914317 1466627 919577 723985 814710
3121256, 1343896 1803682 3474959 2991078 2950604
6026840, 220001 2801526 430584 3130408 3866410
3894207, 1187817 905678 3040308 3779190 1072395
8360537, 2367577 3705881 3144248 2840855 544198
3028718, 2924057 3320640 1338985 3756349 1618400
3116692, 3464028 3094066 3579371 2246864 2464250
6152701, 1690841 3373915 236620 1931311 650700
731535, 1033312 307809 3850548 2483949 1569448
10907926, 281476 3029937 9560 448499 2835744
5205056, 341599 1716480 1437351 403370 3418965
5212740, 1730784 1517211 8895 1470337 3515015
7117496, 1566952 1273556 1881438 2247568 2800858
8164377, 2324961 2556839 767305 2991548 788353
10577676, 409834 1550195 3197875 429754 2575852
856455, 184737 2840867 1495432 810838 3575766
4037226, 1454127 297747 2618669 2525669 1524453
4822186, 1678109 2976640 1301377 2754797 2063659
10137877, 731534 1074579 3356950 3189562 3794036
11666640, 3231223 159974 201471 2041967 671153
4687528, 641650 2981369 2112932 2204499 859492
3514541, 3324550 2712232 3349944 862851 3036158
2941141, 687275 2525221 820913 3325489 1137294
8978949, 2459856 2761077 3172791 128150 1692735
5912353, 685159 2895247 2640021 3864186 2121373
11066342, 627898 3743698 2221993 3367892 2740759
8000446, 3347871 2376017 2911646 3850548 2483949
8510140, 1707930 474023 2915537 3126805 2067955
5910492, 2882303 1395361 1492176 2565868 1615206
8597466, 2565783 3871478 1254164 274470 2732766
11525222, 3251724 2799599 888952 2499292 829931
10540722, 1093322 2405943 1767042 3300850 3794845
4372054, 3166665 1210884 3666106 1735747 3828446
11689519, 1489059 3008012 1531103 2783829 1321481
7389284, 879546 3717817 1689006 2799760 524972
10198252, 2838389 2758910 3112785 3125740 2170311
5293517, 1137264 3767380 3863544 3197875 2378652
8390167, 1678109 3870306 853629 1817363 1301377
3383741, 3682516 558379 3000505 852849 329493
7637275, 1913740 1406613 3884745 2768079 3432044
5743211, 1595978 611551 2158999 3570539 686465
10042262, 289129 2484707 1488456 112184 1136307
8927551, 3841976 2746884 3745867 2065016 2473709
10929565, 648545 166355 2367829 2942250 955090
8964775, 1787172 2833461 3493291 2487984 287224
11676719, 2158207 654611 1517098 2690914 3534168
7021257, 134586 2782425 2279441 1234825 3027841
7542825, 3481434 1589293 392239 577510 611284
3685865, 2456094 3289033 2801526 233230 3409856
5295079, 3127479 1139169 1935536 3352572 4700754
11746847, 2273837 93827 1210957 159981 1955136
2032241, 575573 2221993 3025296 2740759 3753889
3475642, 119850 2882802 3679305 723392 2987503
3687122, 3048645 1078075 1381678 2110844 3664118
8115192, 685159 1756913 2800395 1390500 1494256
3777873, 3603844 416373 2833636 3011131 406429
3167755, 731534 723392 4733003 2110917 1074579
5800959, 2840804 639577 792877 478526 3126913
3986920, 1262158 307071 3551574 3477637 1929035
8674841, 816082 3016749 2882850 280890 705971
5543965, 2083566 2031982 1659540 3678515 1815838
10613469, 2005114 2525327 3712298 3518107 1911469
5815158, 562795 3126805 2488394 2736531 3666106
11281528, 3579068 3521357 1434261 2779591 3630684
2922277, 4733003 2930330 1580480 1752207 3481281
4771944, 3362300 1584442 2424334 3702084 170161
271560, 2555128 2844891 3588744 175485 2316804
6625345, 2835678 2525327 2140231 2752068 1419653
11617423, 184737 2840867 1495432 3778293 93919
3931433, 3542379 2967714 977058 1800360 2910237
8911017, 425227 1341876 3233009 2013612 1589079
10678861, 2989670 2826756 2587499 396784 888097
7961647, 425537 535586 3579391 2876299 3783305
5048004, 554625 3098976 1756190 2927617 3339038
6604098, 3408631 2665520 1395275 265042 1227698
4228290, 2373644 3278316 672498 1663866 894776
8831553, 2859979 3853650 858614 2945631 1768011
6176908, 1721235 659561 1596580 2243395 3324143
7255596, 2862526 1108825 1661878 2303052 3349461
6271404, 881160 3783264 137828 888666 226759
4934424, 2273858 3414685 1390855 2868855 217060
8956048, 861186 2141811 3584845 2078842 969969
6973666, 2338943 63982 2196900 258342 2158999
4371715, 298790 3113091 3343480 2855232 2942274
7335967, 652492 2950531 1681980 307692 2350731
5432629, 3578067 2883125 3476666 405560 881327
7952558, 1297504 1266382 2104454 3779363 1787174
10470494, 3425111 459279 3249347 1787162 2127411
307634, 3647105 1050664 1753608 2665275 199789
7743308, 768287 1677151 3642597 2310730 2243395
5420386, 2345970 3861329 418553 328186 60483
3549726, 201471 606605 1105954 1681306 3464219
5577849, 1890856 949333 2154480 2948452 491404
8552413, 1466719 1909643 2330287 905838 2237158
7385365, 2652244 2881435 626264 2919795 1335143
8788541, 2531068 2802253 2012449 2665223 683614
5334745, 3557832 2127199 3266467 2612089 1415886
11476617, 2913353 2529923 2115512 3007412 1522797
3802017, 1885592 3463835 700544 3568378 2810418
4607874, 1128441 2763511 3126805 650667 2182495
124791, 2509552 913841 2307089 1885462 2816950
10250164, 2328190 163235 813355 1246600 3177615
11394566, 2086935 641442 1282449 2523849 2671399
3192895, 2183165 3826915 820620 1321456 1765598
8900038, 715226 2547173 22413 1127506 3570539
7937312, 1231806 2255809 2951174 3788236 3053313
10345349, 1482828 1358239 2888380 676424 3778293
10232054, 525961 376393 3590946 1748578 3381094
11077763, 1367905 3068991 3723962 2793557 2609171
7835126, 2706752 3482025 112767 3075832 359955
7848828, 2579225 3671801 3824161 2883137 222092
7541775, 2158999 1595978 2361623 3091338 432050
11399265, 905691 956895 1202138 1864195 518570
8621385, 642244 1457330 258396 4520044 2214901
6156545, 1318466 1072416 1175133 3453783 1621139
8086834, 619714 3351957 2214979 2273858 217060
7409467, 2302904 3863544 3767380 3061777 1708543
6928870, 2303317 1613956 3502078 1276223 1771362
5386444, 1635741 2548945 3411425 712321 2324951
8609264, 1807310 1781238 3803678 2691685 1252964
5903526, 2911216 1067223 1700032 2054123 550411
6570602, 2037961 331200 846328 353755 956921
3188341, 3700726 622326 2943035 452385 2945140
7599127, 2215782 245506 1193551 670578 1942308
3766697, 840796 2740911 3671801 3197875 2021807
10073826, 3794036 2158207 2715138 3197875 2604245
3861387, 1584204 2855889 792692 2110917 3862221
1795416, 544168 338317 3309723 298634 1782665
4518329, 2255809 3842995 2628100 3647145 3227162
4037747, 2712142 2696962 2066271 2706791 3317712
3925988, 2517292 1272456 2954349 677106 1257154
4842434, 1819071 1373949 3208849 2830850 1928770
8913763, 594309 3261544 819098 675374 1548315
10330719, 678305 1470253 2719197 81748 544198
3175060, 2158207 3045408 3534168 3632584 204966
5586483, 2133807 1754651 2543912 573559 258317
4945151, 611551 131052 3570539 3727608 3358237
7626003, 341505 2085975 2966743 2552651 1690532
6037603, 3527858 2309023 1494139 3801835 193488
3541101, 22413 1595978 3197875 1286763 3679249
7704405, 3715343 2563511 2264205 2139832 2825456
53716, 3443099 3644194 599473 3521320 2834677
8009581, 908656 170717 726178 850399 368692
6241999, 169685 1887389 2442554 1332173 1078202
7954672, 558379 2550726 1192577 320810 575164
10141342, 3862221 1255651 1885462 723392 852849
10206337, 3000505 619692 597782 1255651 827621
7294191, 363983 1479795 950776 2950899 3687848
10944625, 3518093 416692 621108 1763196 1262158
11106939, 907585 2931339 992289 1786010 260125
4365834, 906707 710124 429024 2371834 2699441
4921909, 1711410 509203 147758 3711500 2843403
7436690, 2190020 394746 3702356 1470000 2827998
1216575, 1678284 3427808 2406722 2895637 2289205
4177009, 3821062 88869 1887480 3242547 2828442
61051, 522391 956895 19021 627898 1689466
10668600, 1824364 1621191 3212165 2785027 3159441
7640551, 2800885 3053372 682335 2407 1188469
4515913, 411021 2889710 850399 2337928 2226790
1727500, 662501 1896558 3092746 2840855 3876951
3642896, 1955136 524972 1165287 200308 3636918
7368158, 2651669 2032052 1193299 2655526 3071653
7542178, 353487 2102896 2896519 386429 2473550
5767727, 2889024 1780472 2765025 1596836 1090816
6196261, 2287829 1498486 1680923 301891 2016283
11029578, 3251657 3554721 1104495 1470316 4845182
2166681, 3745921 3147559 279781 2507572 3157925
5810002, 3687848 3278316 3796108 2273905 908549
5964301, 3087225 230463 1164246 290701 1751689
4464660, 2998091 1354840 224407 1788063 3789754
7668407, 1449317 3234167 3076592 3296160 304071
10931856, 968654 3361319 3361599 2821525 3006074
439150, 3138665 163208 3066756 1795984 3441502
10634830, 1538910 392274 3091467 956056 3723962
10310634, 3756349 2812730 1764637 2639973 3677105
3808502, 3526178 516664 1321053 2547173 3102263
7033536, 144141 1156143 3166665 3615514 3568402
5354071, 1199178 1625542 488311 1344294 459211
11589595, 465419 3287219 2252529 2009194 2965582
304021, 352435 2434264 2911646 2484707 3731277
10911065, 357636 727885 2352205 2780020 1134327
6521557, 3687848 2949015 685788 1457317 1495432
6305931, 88542 1817363 609535 1348759 2657090
8503885, 960250 844284 440536 3486709 1210509
3622889, 2152930 524536 2096037 1998532 2712728
3610527, 3870452 2921644 2206390 3664226 3749922
8606931, 3735898 2835823 3862701 3315468 1123270
8750078, 2151784 1197210 1825240 3051656 2686375
7832603, 3194410 2642757 2391046 353329 159981
3470006, 3147559 629135 1819065 2229502 2507572
8015860, 74126 2785606 449578 2394772 3879005
6289088, 15100 247798 195273 1749761 2997822
8971440, 2737601 3638145 1166261 2803474 1856140
11723457, 543730 2203596 3630872 3191667 524972
10978018, 283819 836369 1903729 3678231 441896
8446, 356651 2524197 1164246 2410984 230463
10020460, 184737 1495432 3621084 597782 1227320
6132117, 540211 2266763 150827 2209079 1091681
10794513, 3671696 2676832 810867 1800759 2468966
8065423, 2579225 2793557 2740911 1075325 2883137
11611790, 1244278 3866090 2600471 1566856 302729
8523358, 2948452 2255809 792801 1605476 3463515
3896980, 53323 2950964 2701525 346737 3542492
11320596, 497483 3705881 3173841 3861322 841522
10316813, 3372480 3693978 3678792 2039663 3753835
10085539, 3389343 509377 222070 2233173 2812622
4013172, 2249254 1045040 2386293 2888226 1390807
2213557, 2792321 2041900 3877313 335200 513712
5602166, 3749967 3581193 3003895 1671012 1092360
8715093, 2009233 2957171 1798335 1285659 236620
4325415, 2874327 833332 2864584 3156495 3519751
8911566, 2376766 1945908 74226 3696622 109392
45962, 731534 3057494 2989039 2730916 2553898
7738531, 2212281 290549 3863544 82542 3767380
7428458, 611551 1286763 2120027 3502848 867151
8383556, 3088096 2609171 99100 1311435 3102263
8466002, 3248483 2578758 1197210 2232169 690649
6157650, 462738 2764036 1684009 1831358 443166
8797081, 2763895 1732003 2159342 519961 2284910
6515194, 695698 3344724 1281481 3343093 2966743
3253623, 2248261 3061777 849916 2008442 2453635
237976, 233723 626264 3590024 2263419 2652244
8797555, 1340852 1410795 174061 3543378 583731
4387330, 469756 655440 1568246 820112 2248800
8742944, 307771 2303390 3225706 2021175 1885462
6314017, 3650180 3088280 429182 2273875 1160423
10062310, 1569730 2456094 2434465 3130408 952593
6545192, 3605806 1836205 954835 3711392 2020962
578849, 500747 3261027 2831701 727845 1207879
11706291, 1681807 1106994 1283742 3868944 1685676
553954, 2078799 2762459 3117143 3559235 3782546
8285252, 76372 1181147 2547173 3073223 1498988
3773598, 3126805 3044962 562795 474023 2206220
10510753, 1813360 3803678 164165 3288406 1807310
11096190, 1094523 951537 443520 1297504 2891538
3253866, 571261 1084428 1165914 2746888 1099672
10380471, 1187176 1075745 395212 620375 2263687
2357953, 2043659 2061313 2056909 1390872 1739341
8742929, 133630 3803435 2327471 417260 2664944
2169157, 3102263 3861322 897771 675104 112767
5431262, 2608966 2725750 3053404 3539205 2855889
130817, 2595497 844316 545167 2456334 3213326
3597008, 3862221 723392 2110917 209196 1896558
8079995, 2525327 2895092 3861695 3712298 2637825
6718228, 3290805 1959480 323364 3865467 4700754
11675452, 856323 3752880 950564 1185707 3663681
6188976, 3230653 67630 2980250 2787770 155779
7213672, 3356950 1896558 2273954 3262995 1969864
4340370, 2843750 3732234 3464185 1251905 3076342
11699256, 3752712 2655526 1595978 611551 1286763
38657, 2693632 3356977 3644102 231912 3129432
6701443, 3621084 1373077 1482828 2840867 1844874
8092743, 193488 2845181 1817875 926181 3795748
6384414, 497483 2133843 1678109 841522 196922
7982281, 1432259 601330 2299860 2280222 1273556
1414212, 3251943 3025296 1314198 1537399 2117846
11285737, 887542 2065904 2801870 875672 2209429
3737988, 3671801 1951940 551406 108032 199165
11319088, 2022476 2800885 372376 944713 488209
11521900, 478526 662501 1524807 2731303 178826
7541956, 2960887 283014 1735963 1751946 497986
3988369, 463501 929166 3751840 1913691 3299699
3988629, 196594 3062339 1729400 3383646 376175
7436263, 1120104 1373873 378710 1885124 3768225
8256815, 1691885 3639344 199088 3550623 166112
6487191, 944758 3473132 2775449 220667 1798335
2354275, 1844874 3661790 92170 1358239 3530762
7542027, 1385101 2820328 3258646 2031982 531699
10811408, 1795289 2602703 1787558 2391046 2481742
7505188, 726853 497483 841522 2902714 3464076
2980631, 92596 3522653 2086935 641442 3566671
10996682, 3664167 3193037 1566952 3066903 568514
8940027, 2041957 2801526 1075745 2263687 3420743
6265542, 3372780 3574998 3363389 627503 3036412
7745299, 1791267 3114205 2896519 3262622 194521
4795795, 1707930 3126805 562795 2736531 2488394
5685709, 5424 897830 1392290 392071 1365820
11050690, 424036 212269 1932872 408580 683614
6564279, 3687848 1951940 378672 3026916 2864223
10237418, 204966 654611 280884 2622142 2730084
11189500, 395212 620375 1441614 2448296 2047628
11486301, 1292984 1680759 303710 2924245 992186
3346900, 1208014 1223179 1781238 3683898 1807310
7155598, 2373644 2949015 3796108 3784216 3278316
4524349, 1598691 2839271 1815957 908844 2884158
6444801, 1137706 1254164 2732766 3690363 544198
7376648, 3011131 1345519 616834 2442810 846351
64458, 222077 1545388 2759766 3494089 2931759
3730065, 3423162 867355 2895021 3711480 3538120
6686846, 3129858 2247131 2760194 150694 3000508
4916391, 1530026 1688864 2836686 500773 1088556
5860414, 597782 2547173 2421724 1255651 3091338
8357647, 2105033 2783309 1862449 2907482 1656776
5263549, 2137219 1577185 3615514 94083 3866090
10021325, 2136382 560520 1253640 2130487 3139278
3796544, 2384203 2964370 1444027 1425053 3182007
7329515, 2574661 3463835 1804371 1505112 2994151
11379634, 2547173 1390500 1756913 432050 1862517
7541459, 2367829 676813 648545 166355 2942250
7575020, 3626116 1821378 2926601 1596813 944713
4938655, 3568402 171498 2725732 767285 2021175
5785818, 1137349 2061313 3666452 3138053 292752
10753180, 3705881 3166665 731534 1209729 1425053
8347206, 4855949 2763755 2949191 3558231 2649269
11253738, 1569730 944043 2187917 2587499 2041957
5744877, 1844107 1338735 1690844 1185697 1258719
10527762, 400197 3841456 1714215 2774001 2581055
4181789, 1581041 2854834 3362357 3439484 3607856
10349775, 2333116 3523868 2677718 1439460 430595
5711199, 1831615 3072402 3003358 3615419 3550491
8172586, 3425636 3092746 375490 3246229 1083643
3049584, 3322106 2427061 3518261 2853235 1087946
150350, 2579225 1951940 2376766 685788 2997985
10798108, 2572499 1078853 1171975 2744430 3191635
7112161, 3139217 2139856 3624076 1605109 882307
5015727, 3828954 2062213 2051269 2314172 2692501
4470474, 349262 2911688 2619689 2898395 3770851
4642821, 2490195 2726716 1218038 634581 1227698
8816023, 1046531 3753846 3335776 3666106 3343253
1967332, 1276223 128344 565357 2514218 3749947
2998932, 2748995 3478147 2788858 2213746 853599
8040243, 2448296 2587499 1569730 2263687 430584
6096264, 2840855 477570 1321053 3526178 1297735
3024717, 1351737 1248063 319954 2849976 3345957
7542983, 3166665 3615514 3167821 662553 484459
11211352, 1470373 2805323 1475687 1299041 3444159
4116676, 2566606 1303813 3053 3172328 1375596
3057309, 3036412 905821 2787855 3747549 2539056
6876397, 3281387 2836686 1464952 3751780 4912403
5883723, 2130537 1275330 101639 2651784 3795367
7541795, 3283529 1505991 3169472 1175250 156503
5738701, 2629532 2175459 350999 417901 1147854
7589452, 217060 1303305 2816508 1881332 352400
4838090, 288036 2050408 679616 688054 1187764
7183348, 2763511 2488394 1427028 3826915 2752068
6410052, 2856617 60159 1083691 3030008 944713
10156717, 2570631 2391046 2642757 3574295 1926586
8509393, 2310657 685315 681247 3791251 2279125
3199792, 1026563 2334115 1742250 1676043 1067813
6216865, 1885468 2840091 867846 3125943 3295859
1916438, 1310538 677165 3282274 2483179 1411170
11751707, 1702782 682335 1325067 1227320 1209415
1498629, 654045 2744409 792691 2438351 867840
5118184, 3460966 2009745 2208245 3021607 827952
3123391, 1685749 2953443 2263840 3183561 3845647
6345765, 2346564 3776664 163074 2338698 1228419
6975057, 295886 57317 2634209 3340948 3296444
58199, 1439412 160392 1864337 269344 2881448
10152791, 3088096 2285204 1457317 840796 1227320
6708460, 3687848 2840867 3796108 1457317 3778293
5658694, 2838389 46508 2752761 605197 2498767
10210583, 1676222 3639589 874347 4561025 1178305
3859601, 3090082 161656 2788000 3687848 1367265
5378504, 1251925 1466937 1400614 1167987 287188
5914917, 459211 1805999 491748 488311 1625542
8908821, 2642694 2762387 2897334 163251 3542379
10591097, 164165 2967714 1807310 3288406 1563309
3556842, 1224721 2023522 2083619 2882740 368880
3050126, 3532398 1340893 3884985 3641800 2830094
6564220, 2394983 209291 2836934 2680088 2214873
7493765, 1569730 491626 1187176 4632290 2881150
6217157, 1807310 1781238 2981369 183353 1813360
7428262, 3112921 1569730 3477637 2448296 307071
2998634, 1206974 1127506 131052 3559283 2191974
7469201, 1093455 3327351 655302 2001283 2432392
2975389, 3325204 1590256 2065733 2634209 3666035
2729936, 1885462 2208924 1255651 558379 827621
11490052, 305492 1657819 3144248 1758146 3575845
8925387, 1368063 968654 2021689 3484542 1881351
7734314, 220921 2763755 2310797 2836512 1040950
7545744, 2692279 3158955 1121860 2933428 1216791
4428289, 2981382 868553 1306545 695457 4834565
6635517, 3704012 298790 84556 2457546 403443
802241, 3526178 477570 1580480 3187360 3197875
8156517, 1647411 1961191 2049404 2851856 2174830
10432561, 2031982 161656 1979854 2604623 836176
7593309, 867416 3583081 1200959 2750177 2523849
6431469, 1010698 459038 1205334 2071726 307565
7921287, 1348947 3568402 2547173 810838 307771
8497050, 2909902 1175133 3453783 2923043 4628020
8702844, 2725661 180453 1813360 1503168 3288406
2720120, 276186 3036396 2367577 2584899 331804
10847823, 2802505 2556891 825160 192151 1735316
4208547, 3709656 353329 315450 131589 3518261
6513383, 3750053 1169477 1879956 3428746 2856638
6272723, 714199 1385740 583722 2039382 412613
11641234, 307601 1464682 2785393 3058472 2565783
6432675, 3182024 1742077 3671644 3373457 1134078
3943577, 1381678 540211 157469 405885 3666106
3012126, 1474611 2791785 2942250 648545 676813
7387072, 2740911 551406 357046 2886871 3003456
6290929, 2125485 1587041 2780020 250250 387900
6147891, 1738612 2799599 2805381 3795508 1205325
8916380, 1427028 3161615 425247 1338910 3751780
6747784, 2603356 2728188 1873672 2027290 2732766
4399386, 2586406 1942235 3331123 3596743 3044639
1180952, 1532987 2818129 2398985 2667736 2078842
6685177, 1734212 3173781 254126 120323 3755578
6584726, 2517284 163208 1509746 2448230 579364
2972514, 680279 308859 224510 3550534 3764728
6641136, 3743698 2264501 905691 518570 2009541
3115940, 2446911 2248538 2147561 2179288 505941
8543648, 3242547 429656 88869 2724321 652718
7479945, 2028046 1084923 3036396 2947596 3828446
3186204, 887542 2054882 1852147 2209429 2185549
11570033, 2674052 834001 2083747 2398088 964439
3307889, 1192223 840796 2817805 1881438 2547173
1345018, 1286763 3570539 222438 3484505 3863141
166399, 2467736 2592818 2805497 824154 97706
181604, 904015 3492858 2940395 307071 2279334
2947736, 1652680 3360103 2519460 3031239 3098624
2896780, 43827 3767985 417901 2988085 4497502
11410893, 1549400 3842993 1350353 1030868 1614662
